000001;SMACK DOW 2007;XBOX360;ARCADE;ESPAÑOL;0
000002;LOST PLANET;XBOX360;AVENTURA,SHOOTER, ACCION;ESPAÑOL;1
000003;STREEF HOMECOURT;XBOX360;DEPORTES;ESPAÑOL;8
000004;MASS EFFECT ;XBOX360;SHOOTER;ESPAÑOL;5
000005;DARKNESS;XBOX360;AVENTURA,SHOOTER, ACCION;ESPAÑOL;4
000006;CONAN;XBOX360;AVENTURA ;ESPAÑOL;7
000007;GUITAR HERO 3;XBOX360;SIMULACION;ESPAÑOL;10
000008;HALO 3;XBOX360;SHOOTER;ESPAÑOL;15
000009;JERICHO;XBOX360;SHOOTER;ESPAÑOL;1
000010;OBLIVION;XBOX360;AVENTURA;ESPAÑOL;0
000011;FIFA 2008;XBOX360;DEPORTES;ESPAÑOL;0
000012;OVER G FIGTERS;XBOX360;SIMULACION;ESPAÑOL;1
000013;KINGDOM FIRE;XBOX360;ESTRATEGIA;ESPAÑOL;3
000014;TIME SHIFT;XBOX360;SHOOTER;ESPAÑOL;8
000015;NEED FOR SPEED PRO STREEF;XBOX360;CONDUCCION;ESPAÑOL;1
000016;KANE Y LINCH ;XBOX360;SHOOTER;ESPAÑOL;1
000017;STRANGHOLD;XBOX360;SHOOTER;ESPAÑOL;3
000018;TONY HAWKS PROVING GROUND;XBOX360;SIMULACION;ESPAÑOL;8
000019;DEF JAM ICON;XBOX360;ARCADE;ESPAÑOL;4
000020;VIRTUA FIGHTER 5;XBOX360;ARCADE;ESPAÑOL;3
000021;NARUTO;XBOX360;ARCADE;ESPAÑOL;6
000022;PGR4 RACING;XBOX360;CONDUCCION;ESPAÑOL;3
000023;RAIN VAMPIRE;XBOX360;AVENTURA;ESPAÑOL;4
000024;CSI HARD EVIDENCE;XBOX360;ESTRATEGIA;ESPAÑOL;0
000025;THE GOLDEN COMPASS;XBOX360;AVENTURA;ESPAÑOL;1
000026;MOSTER JAM;XBOX360;CONDUCCION;ESPAÑOL;7
000027;BATTLE FOR THE PACIFIC;XBOX360;SHOOTER;ESPAÑOL;3
000028;CALL OF DUTY 4;XBOX360;SHOOTER;ESPAÑOL;5
000029;SEGA RALLY ;XBOX360;CONDUCCION;ESPAÑOL;11
000030;MEDAL OF HONOR AIRBONE;XBOX360;SHOOTER;ESPAÑOL;13
000031;ASSASSIN'S CREED;XBOX360;AVENTURA;ESPAÑOL;11
000032;BEOWULF THE GAME;XBOX360;AVENTURA;ESPAÑOL;3
000033;COLIN MCRAE DIRT;XBOX360;CONDUCCION;ESPAÑOL;3
000034;GUN ;XBOX360;SHOOTER;ESPAÑOL;0
000035;BULLEF WITCH;XBOX360;TERROR;ESPAÑOL;4
000036;SPIDER MAN 3;XBOX360;AVENTURA;ESPAÑOL;0
000037;CRACKDOWN;XBOX360;SHOOTER;ESPAÑOL;3
000038;THE BATTLE FOR MIDDLE EARTH;XBOX360;ESTRATEGIA;ESPAÑOL;3
000039;STAR TREK;XBOX360;ESTRATEGIA;ESPAÑOL;2
000040;CALL OF DUTY 3;XBOX360;SHOOTER;ESPAÑOL;0
000041;VITUAL TENIS 3;XBOX360;DEPORTES;ESPAÑOL;3
000042;PRO EVOLUTION SOCCER 2007;XBOX360;DEPORTES;ESPAÑOL;0
000043;FORZA 2;XBOX360;CONDUCCION;ESPAÑOL;2
000044;FERA FILES ;XBOX360;TERROR;ESPAÑOL;15
000045;EARTH DEFENSE FORCE 20117;XBOX360;ESTRATEGIA;INGLES;0
000046;GEARS OF WARS;XBOX360;SHOOTER;ESPAÑOL;0
000047;HITMAN BLOOD MONEY;XBOX360;AVENTURA;ESPAÑOL;5
000048;DEVIL MAIY CRY 4;XBOX360;AVENTURA;ESPAÑOL;0
000049;DEAD RISING;XBOX360;TERROR;ESPAÑOL;4
000050;THE SIMPSONS;XBOX360;INFANTILES, AVENTURA;ESPAÑOL;0
000051;FARCRY;XBOX360;SHOOTER;ESPAÑOL;3
000052;SPLINTER CELL DOUBLE AGENT;XBOX360;SHOOTER;ESPAÑOL;5
000053;TUROK;XBOX360;SHOOTER;ESPAÑOL;8
000054;GHOST RECOND 2;XBOX360;SHOOTER;ESPAÑOL;9
000055;DEAD OR ALIVE XTREME 2;XBOX360;ARCADE;ESPAÑOL;3
000056;AMERICAS ARMY TRUE SOLDIERS;XBOX360;SHOOTER;ESPAÑOL;3
000057;BIOSHOCK;XBOX360;SHOOTER;ESPAÑOL;8
000058;BLAZING ANGEL;XBOX360;SIMULACION;ESPAÑOL;1
000059;UEFA CHAMPION LIAGUE;XBOX360;DEPORTES;ESPAÑOL;0
000060;RAIN BOX SIS VEGAS;XBOX360;SHOOTER;ESPAÑOL;0
000061;ARMORE CORE;XBOX360;ACCION;ESPAÑOL;5
000062;MOTO GP 07;XBOX360;CONDUCCION;ESPAÑOL;5
000063;TWO WORLD;XBOX360;AVENTURA;ESPAÑOL;3
000064;BLACK SITE AREA 51;XBOX360;TERROR, SHOOTER;ESPAÑOL;10
000065;THE CLUB;XBOX360;SHOOTER;ESPAÑOL;3
000066;BEAUTIFUL KATAMARI;XBOX360;ARCADE;ESPAÑOL;3
000067;SLENE;XBOX360;ARCADE;ESPAÑOL;4
000068;PRO EVOLUTION SOCCER 2008;XBOX360;DEPORTES;ESPAÑOL;0
000069;IRON MAN ;XBOX360;ACCION, AVENTURA;ESPAÑOL;0
000070;BURNOUT  PARADISE;XBOX360;CONDUCCION;ESPAÑOL;7
000071;TMNT ;XBOX360;INFANTILES, AVENTURA;ESPAÑOL;2
000072;VIKING  BATLE FOR ASGARD;XBOX360;AVENTURA;ESPAÑOL;2
000073;KAMEO  ELEMENTS OF POWER;XBOX360;ARCADE;ESPAÑOL;4
000074;NFS  CARBON ;XBOX360;CONDUCCION;ESPAÑOL;3
000075;MADDEN  NFL  08;XBOX360;DEPORTES;ESPAÑOL;0
000076;GRAND THEFT AUTO  IV;XBOX360;AVENTURA, ACCION;ESPAÑOL;5
000077;LOST VIA DOMUS;XBOX360;AVENTURA;INGLES;5
000078;TENCHU 2 ;XBOX360;ARCADE;ESPAÑOL;0
000079;FIGHT NIGHT ROUND 3;XBOX360;ARCADE;ESPAÑOL;4
000080;ACE COMBAT 6 FIRES OF LIBERATION;XBOX360;SIMULACION;ESPAÑOL;6
000081;ARMY OF TWO;XBOX360;SHOOTER;ESPAÑOL;3
000082;FRONTLINES FUEL OF WAR;XBOX360;SHOOTER;ESPAÑOL;5
000083;RAINBOWSIX LAS VEGAS 2;XBOX360;SHOOTER;ESPAÑOL;1
000084;CONDEMNED 2;XBOX360;ACCION, TERROR;ESPAÑOL;3
000085;DARKSECTOR;XBOX360;ACCION;ESPAÑOL;4
000086;4 FANTASTIC RISE OF SILVER SURFER;XBOX360;AVENTURA;ESPAÑOL;4
000087;UNIVERSE AT WAR EARTH ASSAULT;XBOX360;ESTRATEGIA;ESPAÑOL;4
000088;FIFA STREET 3;XBOX360;DEPORTES;ESPAÑOL;5
000089;SAMACK DOWN VS RAW 08;XBOX360;ARCADE;ESPAÑOL;0
000090;CIVILIZACION REVOLUTION;XBOX360;ESTRATEGIA;ESPAÑOL;1
000091;DON KING PRIZEFIGHTER;XBOX360;ARCADE;ESPAÑOL;3
000092;TOP SPIN 3;XBOX360;DEPORTES;ESPAÑOL;0
000093;COMMAND CONQUER 3 KANE WRASTH;XBOX360;ESTRATEGIA;ESPAÑOL;6
000094;HELLBOY THE SCENCE OF EVIL;XBOX360;TERROR, ACCION;ESPAÑOL;8
000095;BEIJING 2008;XBOX360;DEPORTES;ESPAÑOL;2
000096;KUNG FU PANDA;XBOX360;INFANTILES, AVENTURA;ESPAÑOL;4
000097;UNREAL TOURNAMENT;XBOX360;TERROR, ACCION;ESPAÑOL;4
000098;ALONE UN THE DARK;XBOX360;AVENTURA;ESPAÑOL;0
000099;THE INCREIBLE HULK;XBOX360;AVENTURA;ESPAÑOL;1
000100;GUITAR HERO AEROSMITH;XBOX360;SIMULACION;ESPAÑOL;4
000101;DRAGON BALL Z BURSTLIMT;XBOX360;ARCADE;ESPAÑOL;3
000102;RAIN TERROR;XBOX360;TERROR;ESPAÑOL;4
000103;CULDCEOT SAGA;XBOX360;ESTRATEGIA;ESPAÑOL;3
000104;DEADLEST CATCH ALASKAN STORM;XBOX360;ESTRATEGIA;ESPAÑOL;1
000105;SOUL CALIBUR IV;XBOX360;ARCADE;ESPAÑOL;4
000106;WALL.E DISNEY;XBOX360;INFANTILES, AVENTURA;ESPAÑOL;0
000107;SUPREME COMMANDER;XBOX360;ESTRATEGIA;ESPAÑOL;1
000108;HALL TO THE CHIMP;XBOX360;ESTRATEGIA;ESPAÑOL;2
000109;TOO HUMAN;XBOX360;ESTRATEGIA;ESPAÑOL;7
000110;ROCK BAND;XBOX360;SIMULACION;ESPAÑOL;1
000111;STAR WARS FORCE UNLEACHED;XBOX360;AVENTURA;ESPAÑOL;7
000112;NINJA GAIDEN 2;XBOX360;AVENTURA;ESPAÑOL;0
000113;MERCENARIOS 2;XBOX360;ACCION;ESPAÑOL;2
000114;FACE BREAKER;XBOX360;ARCADE;ESPAÑOL;2
000115;QUANTUM OF SOLACE 7;XBOX360;AVENTURA;ESPAÑOL;0
000116;MADDEN NFL 09;XBOX360;DEPORTES;ESPAÑOL;0
000117;TIGER WOODS PGA TOURS 09;XBOX360;DEPORTES;ESPAÑOL;1
000118;SAINTS ROW 2;XBOX360;AVENTURA;ESPAÑOL;0
000119;LEGO BATMAN;XBOX360;INFANTILES, AVENTURA;ESPAÑOL;5
000120;GEARS OF WARS 2;XBOX360;SHOOTER;ESPAÑOL;11
000121;GUITAR HERO WORLD TOUR;XBOX360;SIMULACION;ESPAÑOL;2
000122;DEAD SPACE;XBOX360;SHOOTER;ESPAÑOL;6
000123;SMACK DOWN VS RAW 2009;XBOX360;ARCADE;ESPAÑOL;0
000124;MONOPOLY;XBOX360;ARCADE;ESPAÑOL;5
000125;FIFA 09;XBOX360;DEPORTES;ESPAÑOL;0
000126;SILENT HILL HOME COMING;XBOX360;TERROR, ACCION;ESPAÑOL;3
000127;BATTLEFIELD BAD COMPANY;XBOX360;SHOOTER;ESPAÑOL;3
000128;ROCK BAND 2;XBOX360;SIMULACION;ESPAÑOL;2
000129;TALES VISPERIA;XBOX360;ESTRATEGIA;ESPAÑOL;0
000130;HALF LIFE;XBOX360;SHOOTER;ESPAÑOL;1
000131;NASCAR 09;XBOX360;DEPORTES;ESPAÑOL;0
000132;PRINCE PERSIA PROLOGY;XBOX360;AVENTURA;ESPAÑOL;0
000133;NBA 2K9;XBOX360;DEPORTES;ESPAÑOL;0
000134;GOLDEN AXE BEAST RIDER;XBOX360;ESTRATEGIA;ESPAÑOL;4
000135;NFS UNDERCOVER;XBOX360;CONDUCCION;ESPAÑOL;0
000136;ENDWAR ;XBOX360;ESTRATEGIA;ESPAÑOL;2
000137;THE LORD OF THE RINGS CONQUEST;XBOX360;AVENTURA;ESPAÑOL;0
000138;FABLE 2;XBOX360;AVENTURA;ESPAÑOL;5
000139;MIRRORS EDGE;XBOX360;ESTRATEGIA;ESPAÑOL;1
000140;LOST ODISSET;XBOX360;ESTRATEGIA;ESPAÑOL;2
000141;RESIDENT EVIL 5;XBOX360;TERROR, ACCION;ESPAÑOL;2
000142;FRAC TURE;XBOX360;ACCION;ESPAÑOL;3
000143;FEAR FILES;XBOX360;TERROR, ACCION;ESPAÑOL;4
000144;SKATE 2;XBOX360;DEPORTES;ESPAÑOL;0
000145;HALO WARS;XBOX360;SHOOTER;ESPAÑOL;3
000146;STREET FIGHTER IV;XBOX360;ARCADE;ESPAÑOL;0
000147;CALL OF DUTY 3;XBOX360;SHOOTER;ESPAÑOL;0
000148;AMPED 3;XBOX360;SHOOTER;ESPAÑOL;4
000149;BROTHERS IN ARMS HELL HIGHWAY;XBOX360;SHOOTER;ESPAÑOL;5
000150;PURE;XBOX360;CONDUCCION;ESPAÑOL;0
000151;FALLOUT 3;XBOX360;SHOOTER;ESPAÑOL;0
000152;SONIC UNLEASHED;XBOX360;AVENTURA, INFANTILES;ESPAÑOL;0
000153;NAMCO MUSEUM VIRTUAL ARCADE;XBOX360;ARCADE;ESPAÑOL;3
000154;TOMB RAIDER UNDERWOLRD;XBOX360;AVENTURA;ESPAÑOL;0
000155;BLUE DRAGON;XBOX360;ESTRATEGIA;ESPAÑOL;1
000156;BOLT;XBOX360;AVENTURA, INFANTILES;ESPAÑOL;4
000157;BANJO KAZOOIE;XBOX360;AVENTURA, INFANTILES;ESPAÑOL;0
000158;RISE ARGONAUTS;XBOX360;ESTRATEGIA;ESPAÑOL;2
000159;RED ALERT 3;XBOX360;ESTRATEGIA;ESPAÑOL;4
000160;PRO EVOUTION SOCCER 2009;XBOX360;DEPORTES;ESPAÑOL;2
000161;DESTROY ALL HUMANS!;XBOX360;AVENTURA, INFANTILES;ESPAÑOL;0
000162;TNA IMPAC!;XBOX360;ARCADE;ESPAÑOL;0
000163;SPIDER MAN WEB OF SHADOWS;XBOX360;AVENTURA, ACCION;ESPAÑOL;0
000164;CRASH MIND OVER MUTANNT;XBOX360;AVENTURA, INFANTILES;ESPAÑOL;7
000165;RAPALA FISHING FRENZY 09;XBOX360;SIMULACION;ESPAÑOL;3
000166;HAWX TOM CLANCY.S;XBOX360;SIMULACION;ESPAÑOL;3
000167;MORTAL KOMBAT VS DG UNIVERSE;XBOX360;ARCADE;ESPAÑOL;3
000168;TURNING POINT FALL OF LIBERTY;XBOX360;SHOOTER;ESPAÑOL;0
000169;GUITY GEAR 2 OVERTURE;XBOX360;ESTRATEGIA;ESPAÑOL;0
000170;WHEELMAN VIN DIESEL;XBOX360;ACCION;ESPAÑOL;3
000171;HEAT LEAD THE RETURN OF MATT HAZARD;XBOX360;ACCION;ESPAÑOL;1
000172;50 CENT BLOOD ON THE SAND;XBOX360;ACCION;ESPAÑOL;0
000173;SHELLSHOCK 2 BLOOD TRAILS;XBOX360;SHOOTER;ESPAÑOL;8
000174;FEAR 2;XBOX360;SHOOTER;ESPAÑOL;10
000175;MONSTERS VS ALIENS;XBOX360;AVENTURA, INFANTILES;ESPAÑOL;1
000176;RIDICK 2;XBOX360;ACCION;ESPAÑOL;2
000177;XMEN WOLFERINE;XBOX360;ACCION;ESPAÑOL;3
000178;SACRED 2;XBOX360;ESTRATEGIA;ESPAÑOL;1
000179;SEGA MEGA DRIVE ULTIMATE COLLECION;XBOX360;ARCADE;ESPAÑOL;0
000180;EL PADRINO 2 THE GONFANDER 2;XBOX360;AVENTURA;ESPAÑOL;7
000181;VIRTUA TENIS 2009;XBOX360;DEPORTES;ESPAÑOL;3
000182;FIGHT NIGHT ROUND 4 BOX;XBOX360;ARCADE;ESPAÑOL;3
000183;WANTED WEAPONS OF FATE;XBOX360;ACCION;ESPAÑOL;3
000184;LARRY BOX LEISURY;XBOX360;ACCION;ESPAÑOL;6
000185;TRANFORMERS 2;XBOX360;AVENTURA;ESPAÑOL;6
000186;UP ( WALL DISNEY);XBOX360;AVENTURA, INFANTILES;ESPAÑOL;0
000187;PROTOTYPO;XBOX360;ACCION;ESPAÑOL;3
000188;BIONIC COMANDER ;XBOX360;ACCION;ESPAÑOL;3
000189;HARRY POTTER AND THE HALF BLOOD PRINCE;XBOX360;AVENTURA;ESPAÑOL;2
000190;GHOSBUSTERS (CASA FANTASMAS);XBOX360;AVENTURA;ESPAÑOL;5
000191;DAMNATION;XBOX360;AVENTURA;ESPAÑOL;0
000192;UFC;XBOX360;ARCADE;ESPAÑOL;0
000193;RED FACTION;XBOX360;ACCION;ESPAÑOL;4
000194;LA ERA DEL HIELO 3;XBOX360;AVENTURA, INFANTILES;ESPAÑOL;0
000195;SMARH COURT TENNIS 3;XBOX360;DEPORTES;ESPAÑOL;6
000196;ROCK REVOLUTION;XBOX360;SIMULACION;ESPAÑOL;1
000197;NARUTO THE BROKEN BOND;XBOX360;ARCADE;ESPAÑOL;1
000198;LOS ODISSEY 1-4 ;XBOX360;ESTRATEGIA;ESPAÑOL;1
000199;LOS ODISSEY 2-4 ;XBOX360;ESTRATEGIA;ESPAÑOL;0
000200;PORT ROYALE 3;XBOX360;ESTRATEGIA;ESPAÑOL;4
000201;THE ORANGE BOX HALL LIFE;XBOX360;SHOOTER;ESPAÑOL;0
000202;SPECTRAL FORCE 3;XBOX360;ESTRATEGIA;ESPAÑOL;5
000203;RACE DRIVER GRID;XBOX360;CONDUCCION;ESPAÑOL;6
000204;WRESTLE MANIA LEGENDS;XBOX360;ARCADE;ESPAÑOL;3
000205;FATAL INERTIA;XBOX360;ESTRATEGIA;ESPAÑOL;2
000206;RACE PRO;XBOX360;CONDUCCION;ESPAÑOL;0
000207;FUEL (AUTOS);XBOX360;CONDUCCION;ESPAÑOL;0
000208;TERMINATOR THE SALVATION;XBOX360;AVENTURA;ESPAÑOL;3
000209;DEAD OR ALIVE 4;XBOX360;ARCADE;ESPAÑOL;1
000210;CRASH TIME;XBOX360;CONDUCCION;ESPAÑOL;3
000211;BAJA EDGE;XBOX360;CONDUCCION;ESPAÑOL;3
000212;ENEMY TERRTORY QUAKE WARS;XBOX360;ESTRATEGIA;ESPAÑOL;1
000213;GUITAR HERO METALLICA;XBOX360;SIMULACION;ESPAÑOL;1
000214;LARRY 1;XBOX360;ACCION;ESPAÑOL;0
000215;LEFT FOUR DEAD 1;XBOX360;SHOOTER;ESPAÑOL;10
000216;SHAUN WHITE SNOWBOARDING;XBOX360;SIMULACION;ESPAÑOL;3
000217;JUST CAUSE;XBOX360;AVENTURA;ESPAÑOL;1
000218;SHADOWN RUN;XBOX360;ESTRATEGIA;ESPAÑOL;3
000219;CULDCEPT SAGA;XBOX360;ESTRATEGIA;ESPAÑOL;5
000220;AMERICAS ARMY TRUE SOLDIERS;XBOX360;SHOOTER;ESPAÑOL;0
000221;DDR UNIVERSE 3;XBOX360;SIMULACION;ESPAÑOL;3
000222;NPPL CHAMPIONSHIP 2009;XBOX360;DEPORTES;ESPAÑOL;0
000223;FARCRY 2;XBOX360;ACCION;ESPAÑOL;0
000224;NHL 09;XBOX360;DEPORTES;ESPAÑOL;0
000225;VELVET ASSASSING;XBOX360;ESTRATEGIA;ESPAÑOL;3
000226;VIVA PIÑATA TROUBLE IN PARADISE;XBOX360;INFANTILES, AVENTURA;ESPAÑOL;0
000227;SONIC ULTIMATE GESESSIS COLLECION;XBOX360;INFANTILES, AVENTURA;ESPAÑOL;0
000228;RUMBLE ROSE DOUBLE XX;XBOX360;ARCADE;ESPAÑOL;3
000229;PREY;XBOX360;AVENTURA;ESPAÑOL;2
000230;NIGHT AT THE MUSEUM 2;XBOX360;ESTRATEGIA;ESPAÑOL;3
000231;GUITAR HERO 2;XBOX360;SIMULACION;ESPAÑOL;0
000232;HANNAH MONTANA THE MOVIE;XBOX360;SIMULACION;ESPAÑOL;3
000233;SECRED SERVICE;XBOX360;AVENTURA;ESPAÑOL;3
000234;LARRY LEISURE SUIT;XBOX360;ACCION;ESPAÑOL;3
000235;ENCHANTED ARMS;XBOX360;ESTRATEGIA;ESPAÑOL;3
000236;JUMPER;XBOX360;AVENTURA;ESPAÑOL;3
000237;MX VS ATV UNTAMED;XBOX360;CONDUCCION;ESPAÑOL;0
000238;THE BOURNE COSPIRATE ROBET;XBOX360;ACCION;ESPAÑOL;3
000239;GUITAR HERO 5;XBOX360;SIMULACION;ESPAÑOL;6
000240;ROCK BAND BEATLES;XBOX360;SIMULACION;ESPAÑOL;2
000241;STAR WARS THE CLONE WARS REPUBLIC HEROES;XBOX360;SHOOTER;ESPAÑOL;0
000242;NHL 10;XBOX360;DEPORTES;ESPAÑOL;1
000243;NBA 2K 10;XBOX360;DEPORTES;ESPAÑOL;0
000244;SAW;XBOX360;TERROR;ESPAÑOL;0
000245;COLIN MCRAE DIRT-2;XBOX360;CONDUCCION;ESPAÑOL;0
000246;MINI NINJAS;XBOX360;INFANTILES, AVENTURA;ESPAÑOL;0
000247;FIFA 2010;XBOX360;CONDUCCION;ESPAÑOL;0
000248;TORNADO O;XBOX360;ESTRATEGIA;ESPAÑOL;0
000249;SECTION 8;XBOX360;ACCION;ESPAÑOL;1
000250;RAYMAN RAVING;XBOX360;INFANTILES, AVENTURA;ESPAÑOL;0
000251;RAVEN SQUAD OPERATION HIDDEN DAGGER;XBOX360;ACCION;ESPAÑOL;3
000252;ROCK BAND METAL TRACK PACK;XBOX360;SIMULACION;ESPAÑOL;1
000253;BATMAN WASON;XBOX360;AVENTURA;ESPAÑOL;1
000254;RISEN;XBOX360;ACCION;ESPAÑOL;0
000255;OPERATION FLASH POINT;XBOX360;ACCION;ESPAÑOL;2
000256;NFS SHIFT;XBOX360;CONDUCCION;ESPAÑOL;11
000257;WET;XBOX360;ESTRATEGIA;ESPAÑOL;3
000258;ZOIDS ASSAULT;XBOX360;INFANTILES, AVENTURA;ESPAÑOL;2
000259;CLOUDY WITHA CHANGE OF MEAT;XBOX360;ESTRATEGIA;ESPAÑOL;0
000260;DARKEST OF DAYS;XBOX360;ESTRATEGIA;ESPAÑOL;0
000261;IL 2 STURMORIK;XBOX360;ESTRATEGIA;ESPAÑOL;2
000262;MARVEL ULTIMATE ALLIANCE 2;XBOX360;ARCADE;ESPAÑOL;0
000263;NHL 2K 10;XBOX360;DEPORTES;ESPAÑOL;0
000264;RAIDEN IV;XBOX360;ARCADE;ESPAÑOL;3
000265;STAR WARS THE CLONE WARS REPUBLIC HEROES;XBOX360;AVENTURA;ESPAÑOL;0
000266;TEKKEN 6 2 DVDS;XBOX360;ARCADE;ESPAÑOL;7
000267;HALO 3 ODST;XBOX360;SHOOTER;ESPAÑOL;0
000268;FORSA MOTORS 2 DVDS;XBOX360;CONDUCCION;ESPAÑOL;0
000269;PRO EVOLUTION SOOCER 2010;XBOX360;DEPORTES;ESPAÑOL;1
000270;DAMAGE INC PACIFIC SQUADRON WWII;XBOX360;ESTRATEGIA;ESPAÑOL;8
000271;SMACK DOWN VS RAW 2010;XBOX360;ARCADE;ESPAÑOL;0
000272;WAY OF THE SAMURAI 3;XBOX360;ESTRATEGIA;ESPAÑOL;3
000273;BORDERLANDS;XBOX360;AVENTURA;ESPAÑOL;1
000274;BRUTAL LEGENDS;XBOX360;ESTRATEGIA;ESPAÑOL;0
000275;NBA LIVE 2010;XBOX360;DEPORTES;ESPAÑOL;1
000276;CALL OF DUTY MODERN WARFARE 2 1,5;XBOX360;SHOOTER;ESPAÑOL;7
000277;WHORE;XBOX360;ESTRATEGIA;ESPAÑOL;0
000278;MAGNA CARTA 2;XBOX360;ESTRATEGIA;ESPAÑOL;0
000279;GUITAR HERO VAN HALEN;XBOX360;SIMULACION;ESPAÑOL;0
000280;CARS RACE O RAMA;XBOX360;INFANTILES, AVENTURA;ESPAÑOL;0
000281;BEN 10 ALIEN FORCE ATACKS;XBOX360;INFANTILES, AVENTURA;ESPAÑOL;0
000282;SPONGE BOB;XBOX360;INFANTILES, AVENTURA;ESPAÑOL;7
000283;LEFT FOUR DEAD 2 1,6;XBOX360;SHOOTER;ESPAÑOL;19
000284;DRAGOM AGE ORIGENS;XBOX360;ESTRATEGIA;ESPAÑOL;1
000285;LEGO ROCK BAND 1,6;XBOX360;SIMULACION;ESPAÑOL;1
000286;ASSASSIN'S CREED 2 1,5;XBOX360;AVENTURA;ESPAÑOL;7
000287;DRAGON BALL RAGING BLAST;XBOX360;ARCADE;ESPAÑOL;1
000288;GRAND THEFT AUTO LIBERTY CITY;XBOX360;AVENTURA, ACCION;ESPAÑOL;22
000289;C.S.I DEADLY INTENT;XBOX360;ESTRATEGIA;ESPAÑOL;0
000290;KINECT VICTORIOUS TIME TO SHINE ESTRELLA;XBOX360;KINECT;ESPAÑOL;8
000291;BAKUGAN 1,6;XBOX360;INFANTILES, AVENTURA;ESPAÑOL;7
000292;CARS RACE O RAMA 1,6;XBOX360;INFANTILES, AVENTURA;ESPAÑOL;0
000293;DJ HERO;XBOX360;SIMULACION;ESPAÑOL;2
000294;STAR WARS UNLEASHED SITH EDITION;XBOX360;AVENTURA, ACCION;ESPAÑOL;0
000295;THE SABETEUR;XBOX360;ESTRATEGIA;ESPAÑOL;0
000296;TROPICO 3;XBOX360;ESTRATEGIA;ESPAÑOL;0
000297;JURASIC HUNTER;XBOX360;ACCION;ESPAÑOL;0
000298;AVATAR EL VIDEO JUEGO 1,5 1,6;XBOX360;AVENTURA, ACCION;ESPAÑOL;3
000299;SHADOW WARRIOS CHAOTIC;XBOX360;ESTRATEGIA;ESPAÑOL;0
000300;ROGUE WARRIOS;XBOX360;ESTRATEGIA;ESPAÑOL;0
000301;MADAGASCAR KARTS;XBOX360;INFANTILES, AVENTURA;ESPAÑOL;0
000302;ACTIVATE 1.6 ( LLAVE XBOX 360 1,6 );XBOX360;ARCADE;ESPAÑOL;0
000303;STORMRISE;XBOX360;ESTRATEGIA;ESPAÑOL;1
000304;THE SABOTEUR  ( EL SABOTEADOR );XBOX360;ESTRATEGIA;ESPAÑOL;0
000305;CONKER LIVE & RELOADED;XBOX360;INFANTILES, AVENTURA;ESPAÑOL;0
000306;CABELA´S AFRICAN SAFARI;XBOX360;SIMULACION;ESPAÑOL;1
000307;PLANET 51 THE GAME ( PLANETA 51 );XBOX360;INFANTILES, AVENTURA;ESPAÑOL;0
000308;INFINITE UNDISCOVERY ;XBOX360;ESTRATEGIA;ESPAÑOL;0
000309;DARK SIDERS WRATH OF WAR ;XBOX360;ESTRATEGIA;ESPAÑOL;4
000310;BAYONETTA ;XBOX360;ESTRATEGIA;ESPAÑOL;0
000311;MASS EFFECT 2;XBOX360;SHOOTER;ESPAÑOL;3
000312;ARMY OF TWO 40 DAY;XBOX360;SHOOTER;ESPAÑOL;3
000313;DANTE´S INFERNO;XBOX360;SHOOTER;ESPAÑOL;8
000314;VANCOUVER 2010;XBOX360;DEPORTES;ESPAÑOL;0
000315;DIVINITY 2;XBOX360;ESTRATEGIA;ESPAÑOL;0
000316;BIOSHOCK 2;XBOX360;SHOOTER;ESPAÑOL;2
000317;ALIEN VS PREDATOR;XBOX360;SHOOTER;ESPAÑOL;3
000318;REFLEX MX VS ATV;XBOX360;CONDUCCION;ESPAÑOL;0
000319;BLOOD BOWL;XBOX360;ESTRATEGIA;ESPAÑOL;1
000320;WORLD AUTLAWS SPRINT CARS;XBOX360;CONDUCCION;ESPAÑOL;1
000321;DEADLY PREMONITION;XBOX360;ESTRATEGIA;ESPAÑOL;13
000322;FINAL FANTASY XIII (3 DVDS);XBOX360;ESTRATEGIA;ESPAÑOL;6
000323;SONIC SEGA ALL STARS RACING;XBOX360;INFANTILES, AVENTURA;ESPAÑOL;5
000324;BATTLE FIELD BAD COMPANY 2;XBOX360;SHOOTER;ESPAÑOL;4
000325;LIPS PARTY CLASSICS;XBOX360;ARCADE;ESPAÑOL;4
000326;DYNSTY WARRIOES STRIKE FORCE;XBOX360;ESTRATEGIA;ESPAÑOL;0
000327;MOTO GP 09/10 1,5 CON LLAVE 1,6;XBOX360;CONDUCCION;ESPAÑOL;4
000328;KONAMI CLASSICS VOL 1 1,5;XBOX360;ARCADE;ESPAÑOL;1
000329;KONAMI CLASSICS VOL 2 1,5;XBOX360;ARCADE;ESPAÑOL;1
000330;METRO 2033 1,5;XBOX360;SHOOTER;ESPAÑOL;4
000331;RESONANCE OF FATE;XBOX360;SHOOTER;ESPAÑOL;0
000332;PRISON BREACK THE CONSPIRACY;XBOX360;ACCION;ESPAÑOL;3
000333;SUPREME COMMANDER 2;XBOX360;ACCION;ESPAÑOL;3
000334;JUST CAUSE 2;XBOX360;AVENTURA, ACCION;ESPAÑOL;1
000335;DARKVOID 1,5;XBOX360;ACCION;ESPAÑOL;0
000336;SPLINTER CELL CONVICTION;XBOX360;SHOOTER;ESPAÑOL;11
000337;TETRIS EVOLUTION;XBOX360;ARCADE;ESPAÑOL;1
000338;SAMURAI SHODOWN SEN;XBOX360;ESTRATEGIA;ESPAÑOL;2
000339;DRAGON;XBOX360;ESTRATEGIA;ESPAÑOL;0
000340;FAIRYTALE FIGHTS;XBOX360;ESTRATEGIA;ESPAÑOL;0
000341;FIFA WORLD CUP SOUTH AFRICA;XBOX360;DEPORTES;ESPAÑOL;0
000342;SUPER STREET FIGHTER IV;XBOX360;ARCADE;ESPAÑOL;3
000343;TABLE TENNIS;XBOX360;DEPORTES;ESPAÑOL;0
000344;INDIANAPOLIS 500 EVOLUTION;XBOX360;CONDUCCION;ESPAÑOL;0
000345;BATMAN ARHHAM ASYLUM EDITION;XBOX360;AVENTURA, ACCION;ESPAÑOL;6
000346;IRON MAN 2;XBOX360;ACCION;ESPAÑOL;0
000347;BORDERLANDS DOUBLE GAME ADO ON PACK;XBOX360;ACCION;ESPAÑOL;3
000348;DEAD TO RIGHTS RETRIBUTION;XBOX360;ACCION;ESPAÑOL;3
000349;NIER;XBOX360;ACCION;ESPAÑOL;1
000350;SKATE 3;XBOX360;DEPORTES;ESPAÑOL;7
000351;LOS PLANET 2;XBOX360;SHOOTER;ESPAÑOL;1
000352;ALAN WAKE;XBOX360;SHOOTER;ESPAÑOL;4
000353;PRINCE PERSIA THE FORGOTTEN SANDS;XBOX360;AVENTURA;ESPAÑOL;2
000354;SPLIT SECOND;XBOX360;CONDUCCION;ESPAÑOL;0
000355;SHERK FOREVER AFTER;XBOX360;INFANTILES, AVENTURA;ESPAÑOL;0
000356;SHERLOCK HOLMES;XBOX360;AVENTURA;ESPAÑOL;5
000357;LEGO INDIANA JONES 2 THE ORIGINAL ADVENTURE;XBOX360;INFANTILES, AVENTURA;ESPAÑOL;6
000358;PURE FUTBOL AUTHEBTIC SOCCER;XBOX360;DEPORTES;ESPAÑOL;3
000359;BLUR;XBOX360;CONDUCCION;ESPAÑOL;3
000360;RED DEAD REDEMPTION;XBOX360;AVENTURA, ACCION;ESPAÑOL;2
000361;MORPHX;XBOX360;SHOOTER;ESPAÑOL;4
000362;UFC 2010;XBOX360;ARCADE;ESPAÑOL;0
000363;ALPHA PROTOCOL THE ESPIONAGE RPG;XBOX360;ESTRATEGIA;ESPAÑOL;5
000364;DARK STAR ONE BROKEN ALLIANCE;XBOX360;ESTRATEGIA;ESPAÑOL;3
000365;TOY STORY 3;XBOX360;INFANTILES, AVENTURA;ESPAÑOL;1
000366;NAVAL ASSAULT THE KILLING TIDE;XBOX360;ACCION;ESPAÑOL;1
000367;GREEN DAY ROCK BAND;XBOX360;SIMULACION;ESPAÑOL;0
000368;TIGER WOODS PGA TOUR 2011;XBOX360;DEPORTES;ESPAÑOL;1
000369;TRANSFORMERS WAR FOR CYBERTRON;XBOX360;ACCION;ESPAÑOL;10
000370;LEGO HARRY POTTER YEARS 1 - 4;XBOX360;AVENTURA;ESPAÑOL;2
000371;SNIPER GHOST WARRIOR;XBOX360;SHOOTER;ESPAÑOL;6
000372;BASS PRO SHOPS THE HUNT;XBOX360;SIMULACION;ESPAÑOL;4
000373;SINGULARITY;XBOX360;ACCION;ESPAÑOL;3
000374;BACKBREAKER;XBOX360;ACCION;ESPAÑOL;3
000375;NAUGHTY BEAR;XBOX360;INFANTILES, AVENTURA;ESPAÑOL;3
000376;AUTOBAHN POLIZEI;XBOX360;CONDUCCION;ESPAÑOL;4
000377;ATTACK OF THE MOVIES 3-D;XBOX360;ESTRATEGIA;ESPAÑOL;4
000378;BACKYARD SPORTS SANDLOT SLUGGERS;XBOX360;DEPORTES;ESPAÑOL;4
000379;I LOVE THE 80S LIPS;XBOX360;SIMULACION;ESPAÑOL;4
000380;HALO 1;XBOX360;SHOOTER;ESPAÑOL;0
000381;HALO 2;XBOX360;SHOOTER;ESPAÑOL;0
000382;NINETY;XBOX360;ESTRATEGIA;ESPAÑOL;2
000383;RUSE;XBOX360;ESTRATEGIA;ESPAÑOL;5
000384;MAFIA 2;XBOX360;AVENTURA, ACCION;ESPAÑOL;14
000385;KANE Y LYNCH 2 DOG DAYS ;XBOX360;AVENTURA;ESPAÑOL;0
000386;MADDEN NFL 11;XBOX360;DEPORTES;ESPAÑOL;4
000387;CLASH OF THE TITANS THE VIDEO GAME;XBOX360;INFANTILES, AVENTURA;ESPAÑOL;1
000388;THE GODFATHER THE GAME;XBOX360;AVENTURA;ESPAÑOL;3
000389;BLITZ  THE GAME THE LEAGUE 2;XBOX360;DEPORTES;ESPAÑOL;2
000390;CALL OF DUTY 2;XBOX360;SHOOTER;ESPAÑOL;0
000391;FIELD Y STREAM;XBOX360;ESTRATEGIA;ESPAÑOL;0
000392;POP CAP ARCADE VOL 1;XBOX360;ARCADE;ESPAÑOL;1
000393;DEATHSMILES;XBOX360;ESTRATEGIA;ESPAÑOL;4
000394;CARS MATERNATIONAL CHAMPIONSHIP;XBOX360;INFANTILES, AVENTURA;ESPAÑOL;2
000395;FLATOUT ULTIMATE CARNAGE;XBOX360;SHOOTER;ESPAÑOL;2
000396;RAIDEN FIGHTERS ACES;XBOX360;SIMULACION;ESPAÑOL;4
000397;THE GODFATHER THE DON S EDITION INCLUDES CORLEONE EXPANSION PACK;XBOX360;AVENTURA;ESPAÑOL;0
000398;BLAZBLUE CONTINUUM SHIFT;XBOX360;ARCADE;ESPAÑOL;6
000399;CRACKDOWN 2;XBOX360;ESTRATEGIA;ESPAÑOL;2
000400;PIRATAS DEL CARIBE EN EL FIN DEL MUNDO;XBOX360;AVENTURA;ESPAÑOL;0
000401;SPIDER-MAN SHATTERED DIMENSIONS;XBOX360;AVENTURA, ACCION;ESPAÑOL;3
000402;NCAA FOOTBALL 11;XBOX360;DEPORTES;ESPAÑOL;0
000403;HAWX 2;XBOX360;SIMULACION;ESPAÑOL;3
000404;RESIDENT EVIL 5 GOLD EDITION;XBOX360;TERROR, ACCION;ESPAÑOL;5
000405;HALO REACH;XBOX360;SHOOTER;ESPAÑOL;7
000406;FORMULA 1 2010  F1 2010;XBOX360;CONDUCCION;ESPAÑOL;16
000407;DEAD RISING 2;XBOX360;TERROR, ACCION;ESPAÑOL;0
000408;LEGEND OF THE GUARDIANS;XBOX360;AVENTURA;ESPAÑOL;2
000409;FIFA 2011;XBOX360;CONDUCCION;ESPAÑOL;2
000410;PRO EVOLUTION SOCCER 2011;XBOX360;DEPORTES;ESPAÑOL;0
000411;CASTELVANIA LORFS OF SHADOW (2 DVD);XBOX360;AVENTURA, ACCION;ESPAÑOL;9
000412;ENSLAVED ODYSSEY TO WEST;XBOX360;ESTRATEGIA;ESPAÑOL;3
000413;QUANTUM THEORY;XBOX360;ESTRATEGIA;ESPAÑOL;5
000414;MARVEL VS CAPCOM 2;XBOX360;ARCADE;ESPAÑOL;3
000415;GREG HASTINGS PAINT BALL 2;XBOX360;ARCADE;ESPAÑOL;3
000416;PLANTS VS ZOMBIES  3 EN 1;XBOX360;INFANTILES, AVENTURA;ESPAÑOL;5
000417;FRONT MISSION EVOLVED;XBOX360;ACCION;ESPAÑOL;4
000418;NHL 11;XBOX360;DEPORTES;ESPAÑOL;0
000419;BULLY SCHOLARSHIP EDITION;XBOX360;INFANTILES, AVENTURA;ESPAÑOL;0
000420;NBA 2K11;XBOX360;DEPORTES;ESPAÑOL;0
000421;MEDAL OF HONOR EDITION;XBOX360;SHOOTER;ESPAÑOL;4
000422;BLADESTORM ESP;XBOX360;ACCION;ESPAÑOL;0
000423;GUITAR HERO 6 WARRIOR OF THE ROCK;XBOX360;SIMULACION;ESPAÑOL;1
000424;NARUTO SHIPUDEN STORM 2;XBOX360;ARCADE;ESPAÑOL;0
000425;FALLOUT NEW VEGAS;XBOX360;SHOOTER;ESPAÑOL;0
000426;RAPALA PRO BASS FISHING;XBOX360;SIMULACION;ESPAÑOL;8
000427;ROCK BAND 3;XBOX360;SIMULACION;ESPAÑOL;9
000428;LUCHA LIBRE HEROES DEL RING;XBOX360;ARCADE;ESPAÑOL;2
000429;DEF JAM RAPSTAR;XBOX360;SIMULACION;ESPAÑOL;4
000430;ARCANIA GOTHIC 4;XBOX360;ESTRATEGIA;ESPAÑOL;4
000431;VAN QUISH;XBOX360;ACCION;ESPAÑOL;5
000432;WRC WORLD RALLY 2010;XBOX360;CONDUCCION;ESPAÑOL;0
000433;BEN 10 ULTIMATE ALLIANCE;XBOX360;INFANTILES, AVENTURA;ESPAÑOL;1
000434;MMA EA SPORTS  LUCHA;XBOX360;ARCADE;ESPAÑOL;0
000435;SAW 2 FLESH Y BLOOD;XBOX360;TERROR, ACCION;ESPAÑOL;0
000436;SMACK DOWN VS RAW 2011;XBOX360;ARCADE;ESPAÑOL;2
000437;STAR WARS UNLEASHED 2;XBOX360;AVENTURA, ACCION;ESPAÑOL;0
000438;CALL OF DUTY BLACK OPS;XBOX360;SHOOTER;ESPAÑOL;0
000439;MEGAMINND ULTIMATE SHOWDOWN (MEGAMENTE);XBOX360;INFANTILES, AVENTURA;ESPAÑOL;0
000440;ROCK OF THE DEAD;XBOX360;TERROR, ACCION;ESPAÑOL;0
000441;GIG RISE OF THE SIXSTRING;XBOX360;ESTRATEGIA;ESPAÑOL;4
000442;MARVEL SUPER HERO SQUAD THE INFINITEY GAUNTLET;XBOX360;ARCADE;ESPAÑOL;3
000443;MY SIMS SKY HEROES;XBOX360;INFANTILES, AVENTURA;ESPAÑOL;1
000444;MONOPOLY STREETS;XBOX360;ARCADE;ESPAÑOL;0
000445;BLOOD DRIVE;XBOX360;CONDUCCION;ESPAÑOL;4
000446;MONSTER JAM PATH OF DESTRUCTION;XBOX360;CONDUCCION;ESPAÑOL;1
000447;DANCE MASTERS KINECT SENSOR;XBOX360;KINECT;ESPAÑOL;0
000448;SPORTS KINECT SENSOR;XBOX360;KINECT;ESPAÑOL;1
000449;KINECTIMALS KINECT SENSOR;XBOX360;KINECT;ESPAÑOL;7
000450;DANCE CENTRAL KINECT SENSOR;XBOX360;KINECT;ESPAÑOL;0
000451;THE BIGGEST LOSER ULTIMATE WORKOUT KINECT SENSOR;XBOX360;KINECT;ESPAÑOL;5
000452;FIGHTERS UNGAGED KINECT SENSOR;XBOX360;KINECT;ESPAÑOL;0
000453;ASSASSIN'S CREED BROTHERHOOD;XBOX360;AVENTURA, ACCION;ESPAÑOL;1
000454;DRAGON BALL RAGING BLAST 2;XBOX360;ARCADE;ESPAÑOL;6
000455;BOMBERMAN ACT ZERO;XBOX360;ACCION;ESPAÑOL;0
000456;CSI CRIME SCENE INVESTIGATION FATAL CONSPIRACY;XBOX360;ESTRATEGIA;ESPAÑOL;0
000457;FABLE 3;XBOX360;AVENTURA;ESPAÑOL;3
000458;FIST OF THE NORTH STAR;XBOX360;ESTRATEGIA;ESPAÑOL;0
000459;THE SIMS 3;XBOX360;SIMULACION;ESPAÑOL;6
000460;BLOOD STONE JAMES BOND 007;XBOX360;ACCION;ESPAÑOL;0
000461;KINECT GAME PARTY IN MOTION;XBOX360;KINECT;ESPAÑOL;2
000462;RED DEAD REDEMPTION UNDEAD NIGHTMARE;XBOX360;TERROR, ACCION;ESPAÑOL;4
000463;ZUMBA FINESS JOIN THE PARTY KINECT;XBOX360;KINECT;ESPAÑOL;0
000464;YOUR SHADE FITNESS EVOLVED KINECT;XBOX360;KINECT;ESPAÑOL;0
000465;SONIC FREE RIDERS KINECT;XBOX360;KINECT;ESPAÑOL;0
000466;ADRENALIN MISFITS KINECT;XBOX360;KINECT;ESPAÑOL;0
000467;SPORTS ISLAND FREEDOM KINECT;XBOX360;KINECT;ESPAÑOL;0
000468;JOY RIDE KINECT;XBOX360;KINECT;ESPAÑOL;0
000469;MOTION SPORTS PLAY FOR REAL (KINECT);XBOX360;KINECT;ESPAÑOL;0
000470;TRON REVOLUTION;XBOX360;ACCION;ESPAÑOL;0
000471;NEED FOR SPEED HOT PURSUIT NFS;XBOX360;CONDUCCION;ESPAÑOL;6
000472;NEED FOR SPEED MOST WANTED NFS;XBOX360;CONDUCCION;ESPAÑOL;0
000473;SPLATTER HOUSE COMING 2009;XBOX360;ESTRATEGIA;ESPAÑOL;0
000474;TWO WORLD II ;XBOX360;AVENTURA;ESPAÑOL;7
000475;DEAD SPACE 2 (2 DVDS);XBOX360;SHOOTER;ESPAÑOL;0
000476;CABELAS DANGEROUS HUNTS 2011;XBOX360;SIMULACION;ESPAÑOL;1
000477;MIND JACK;XBOX360;ACCION;ESPAÑOL;5
000478;VENETICA;XBOX360;ACCION;ESPAÑOL;3
000479;MARVEL VS CAPCOM 3;XBOX360;ARCADE;ESPAÑOL;13
000480;SBKX SUPER BIKE WORLD CHAMPIONSHIP;XBOX360;CONDUCCION;ESPAÑOL;7
000481;BULLETSTORM ;XBOX360;ESTRATEGIA;ESPAÑOL;0
000482;FIGHT NIGHT CHAMPION;XBOX360;ARCADE;ESPAÑOL;0
000483;TUD TEST DRIVE 2 UNLIMITED;XBOX360;CONDUCCION;ESPAÑOL;0
000484;NAIL'D;XBOX360;CONDUCCION;ESPAÑOL;0
000485;SPLATTERHOUSE;XBOX360;TERROR, ACCION;ESPAÑOL;0
000486;BEN 10 COSMIC DESTRUCTION;XBOX360;INFANTILES, AVENTURA;ESPAÑOL;0
000487;DJ HERO 2;XBOX360;SIMULACION;ESPAÑOL;0
000488;MOTO GP 10/11;XBOX360;CONDUCCION;ESPAÑOL;0
000489;2K SPORTS TOP SPIN 4;XBOX360;DEPORTES;ESPAÑOL;4
000490;DRAGON AGE 2;XBOX360;AVENTURA;ESPAÑOL;2
000491;MAJOR LEAGUE BASEBALL 2K11;XBOX360;DEPORTES;ESPAÑOL;0
000492;RANGO;XBOX360;INFANTILES, AVENTURA;ESPAÑOL;0
000493;LEGO STAR WARS 3;XBOX360;INFANTILES, AVENTURA;ESPAÑOL;10
000494;CRYSIS 2;XBOX360;SHOOTER;ESPAÑOL;0
000495;MASTERS TIGER WOODS PGA TOURS 12;XBOX360;DEPORTES;ESPAÑOL;0
000496;SHIFT 2 UNLEASHED;XBOX360;CONDUCCION;ESPAÑOL;5
000497;WWE ALL STAR (LUCHA LIBRE);XBOX360;ARCADE;ESPAÑOL;3
000498;MAYHEM IN 3D;XBOX360;INFANTILES, AVENTURA;ESPAÑOL;2
000499;DYNASTY WARRIORS 7;XBOX360;ESTRATEGIA;ESPAÑOL;5
000500;KNIGHTS CONTRACT;XBOX360;ESTRATEGIA;ESPAÑOL;4
000501;VIRTUA TENNIS 4;XBOX360;DEPORTES;ESPAÑOL;9
000502;THOR GOD OF THUNDER;XBOX360;ESTRATEGIA;ESPAÑOL;6
000503;THE FIRST TEMPLAR;XBOX360;ESTRATEGIA;ESPAÑOL;8
000504;PORTAL 2;XBOX360;SHOOTER;ESPAÑOL;2
000505;APACHE AIR ASSAULT;XBOX360;ACCION;ESPAÑOL;7
000506;CREATE YOUR IMAGINATION;XBOX360;ESTRATEGIA;ESPAÑOL;3
000507;MAJIN AND THE FORSAKEN KINGDOM;XBOX360;ESTRATEGIA;ESPAÑOL;4
000508;CABELA'S NORTH AMERICAN ADVENTURES;XBOX360;SIMULACION;ESPAÑOL;4
000509;DE BLOB 2;XBOX360;ESTRATEGIA;ESPAÑOL;1
000510;BAKUGAN B.B. DEFENDERS OF THE CORE;XBOX360;INFANTILES, AVENTURA;ESPAÑOL;6
000511;THE OUTFIT;XBOX360;ESTRATEGIA;ESPAÑOL;2
000512;COLIN MCRAE DIRT 3;XBOX360;CONDUCCION;ESPAÑOL;13
000513;MORTAL KOMBAT IX (MORTAL KOMBAT 9);XBOX360;ARCADE;ESPAÑOL;0
000514;BRINK;XBOX360;ACCION;ESPAÑOL;0
000515;MX VS ATV ALIVE;XBOX360;CONDUCCION;ESPAÑOL;3
000516;BATTLE VS CHESS;XBOX360;ESTRATEGIA;ESPAÑOL;4
000517;LEGO PIRATES OF THE CARIBBEAN THE GAME;XBOX360;INFANTILES, AVENTURA;ESPAÑOL;7
000518;CARNIVAL GAMES IN ACTION (KINECT);XBOX360;KINECT;ESPAÑOL;5
000519;L.A. NOIRE ROCK STAR GAMES (3 DVDS);XBOX360;AVENTURA;ESPAÑOL;4
000520;3 EN 1 TRIALS HD - LIMBO - SPLOSION MAN TRIPLE PACK;XBOX360;ARCADE;ESPAÑOL;4
000521;MICHAEL JACKSON THE EXPERIENCE (KINECT);XBOX360;KINECT;ESPAÑOL;2
000522;FANTASTIC PETS (KINECT);XBOX360;KINECT;ESPAÑOL;1
000523;RIO MULTIPLAYER PARTY GAME!;XBOX360;INFANTILES, AVENTURA;ESPAÑOL;3
000524;DDR DANCE DANCE REVOLUTION NEW MOVES;XBOX360;SIMULACION;ESPAÑOL;5
000525;DANCE PARADISE (KINECT);XBOX360;KINECT;ESPAÑOL;6
000526;KARAOKE REVOLUTION (MICROFONO);XBOX360;SIMULACION;ESPAÑOL;2
000527;ALICE MADNESS RETURNS;XBOX360;AVENTURA;ESPAÑOL;11
000528;CARS 2 THE VIDEO GAME;XBOX360;CONDUCCION;ESPAÑOL;8
000529;TRANSFORMERS DARK OF THE MOON;XBOX360;ACCION;ESPAÑOL;2
000530;DUNGEON SIEGE III ;XBOX360;ACCION;ESPAÑOL;2
000531;MAN VS WILD WITH BEAR GRYLLS;XBOX360;ESTRATEGIA;ESPAÑOL;1
000532;RECORD OF AGAREST WAR;XBOX360;ESTRATEGIA;ESPAÑOL;2
000533;WIPEOUT IN THE ZONE (KINECT);XBOX360;KINECT;ESPAÑOL;7
000534;GREEN LANTERN RIDE OF THE MANHUNTERS;XBOX360;AVENTURA;ESPAÑOL;4
000535;FEAR 3 - F.E.A.R. - F3AR - F.3.A.R.;XBOX360;TERROR, ACCION;ESPAÑOL;10
000536;KUNG FU PANDA 2;XBOX360;INFANTILES, AVENTURA;ESPAÑOL;2
000537;DUKE NUKEN FOREVER ;XBOX360;ACCION;ESPAÑOL;12
000538;MASS EFFECT BRING DOWN THE SKY (BONUS DISC);XBOX360;SHOOTER;ESPAÑOL;7
000539;DR. KAWASHIMA'S BODY AND BRAIN EXERCISES (KINECT);XBOX360;ESTRATEGIA;ESPAÑOL;2
000540;NBA JAM;XBOX360;DEPORTES;ESPAÑOL;0
000541;CALL OF JUAREZ THE CARTEL;XBOX360;SHOOTER;ESPAÑOL;10
000542;LE TOUR DE FRANCE (TOUR DE FRANCIA);XBOX360;DEPORTES;ESPAÑOL;4
000543;EARTH DEFENSE FORCE: INSECT ARMAGEDDON;XBOX360;ESTRATEGIA;ESPAÑOL;0
000544;HARRY POTTER AND THE DEATHLY HALLOWS PART2;XBOX360;AVENTURA;ESPAÑOL;7
000545;NAUGHTY BEAR GOLD EDITION;XBOX360;INFANTILES, AVENTURA;ESPAÑOL;0
000546;CATHERINE;XBOX360;ESTRATEGIA;ESPAÑOL;0
000547;CAPITAN AMERICA SUPER SOLDIER;XBOX360;ACCION;ESPAÑOL;1
000548;NCAA FOOTBALL 12;XBOX360;DEPORTES;ESPAÑOL;1
000549;RUGBY WORLD CUP 2011 ;XBOX360;DEPORTES;ESPAÑOL;0
000550;DEUS EX HUMAN REVOLUTION;XBOX360;ACCION;ESPAÑOL;0
000551;UFC PERSONAL TRAINER THE ULTIMATE FITNESS SYSTEM (KINECT);XBOX360;KINECT;ESPAÑOL;2
000552;CHILD OF EDDEN (KINECT);XBOX360;KINECT;ESPAÑOL;0
000553;BODY COUNT;XBOX360;ACCION;ESPAÑOL;0
000554;MADDEN NFL 12;XBOX360;DEPORTES;ESPAÑOL;5
000555;HUNTED THE DEMONS FORGE;XBOX360;ACCION;ESPAÑOL;0
000556;SHADOWS OF THE DAMNED;XBOX360;ACCION;ESPAÑOL;1
000557;YOOSTAR 2 IN THE MOVIES (KINECT);XBOX360;KINECT;ESPAÑOL;0
000558;OPERATION FLASH POINT RED RIVER;XBOX360;SHOOTER;ESPAÑOL;1
000559;DEADLIEST CATCH SEA OF CHAOS;XBOX360;ACCION;ESPAÑOL;0
000560;XBOX LIVE ARCADE COMPILATION PACK;XBOX360;ESTRATEGIA;ESPAÑOL;3
000561;EL SHADDAI ASCENSION OF THE METATRON;XBOX360;ARCADE;ESPAÑOL;3
000562;RED FACTION ARMAGEDDON;XBOX360;ACCION;ESPAÑOL;11
000563;RAYMAN ORIGINS;XBOX360;INFANTILES, AVENTURA;ESPAÑOL;15
000564;NBA 2 K12 ;XBOX360;DEPORTES;ESPAÑOL;1
000565;BATMAN ARKAN CITY;XBOX360;AVENTURA, ACCION;ESPAÑOL;20
000566;SPACE MARINE WARHAMMER;XBOX360;ESTRATEGIA;ESPAÑOL;7
000567;ACE COMBAT ASSAULT HORIZON;XBOX360;SIMULACION;ESPAÑOL;0
000568;FORMULA 1 2011  F1 2011;XBOX360;CONDUCCION;ESPAÑOL;2
000569;FIFA SOCCER 12 2012;XBOX360;DEPORTES;ESPAÑOL;2
000570;PRO EVOLUTION SOCCER 12 2012;XBOX360;DEPORTES;ESPAÑOL;0
000571;SPIDERMAN 4;XBOX360;AVENTURA, ACCION;ESPAÑOL;0
000572;NICK TONS MBL;XBOX360;DEPORTES;ESPAÑOL;4
000573;GEARS OF WARS 3;XBOX360;SHOOTER;ESPAÑOL;9
000574;DRIVER SAN FRANCISCO;XBOX360;ACCION;ESPAÑOL;3
000575;DEAD RISING 2 OFF THE RECORD;XBOX360;TERROR, ACCION;ESPAÑOL;0
000576;DARK SOULS 2011;XBOX360;TERROR, ACCION;ESPAÑOL;2
000577;X MEN DESTINY;XBOX360;AVENTURA;ESPAÑOL;5
000578;BATTLEFIELD 3 (2 DVDS);XBOX360;SHOOTER;ESPAÑOL;2
000579;CALL OF DUTY MODERN WARFARE 3;XBOX360;SHOOTER;ESPAÑOL;5
000580;FORZA MOTOR SPORT 4 (2 DVDS);XBOX360;CONDUCCION;ESPAÑOL;8
000581;CABELAS SURVIVAL SHADOWS OF KATMAI;XBOX360;SIMULACION;ESPAÑOL;5
000582;GOLDEN EYE 007;XBOX360;ACCION;ESPAÑOL;12
000583;JUST DANCE 3;XBOX360;SIMULACION;ESPAÑOL;10
000584;LORD OF THE RINGS WAR IN THE NORTH;XBOX360;AVENTURA;ESPAÑOL;4
000585;NCIS;XBOX360;ESTRATEGIA;ESPAÑOL;9
000586;KINECT MOTION XPLOTION;XBOX360;KINECT;ESPAÑOL;1
000587;KINECT WIPEOUT 2;XBOX360;KINECT;ESPAÑOL;2
000588;RESIDENT EVIL 4 REMASTERISADO;XBOX360;TERROR, ACCION;ESPAÑOL;0
000589;KINECT ADVENTURE CAMP;XBOX360;KINECT;ESPAÑOL;0
000590;KINECT SESAME STREET ONCE MUPON A MOSTER;XBOX360;KINECT;ESPAÑOL;0
000591;AIR CONFLICTS SECRET WARS;XBOX360;ESTRATEGIA;ESPAÑOL;5
000592;BEN 10 GALACTIC RACING;XBOX360;INFANTILES, AVENTURA;ESPAÑOL;0
000593;RAGE (3 DVS.);XBOX360;AVENTURA;ESPAÑOL;0
000594;DRAGON BALL Z TENKAICHI ULTIMATE;XBOX360;ARCADE;ESPAÑOL;3
000595;ROCKSMITH;XBOX360;SIMULACION;ESPAÑOL;7
000596;KINECT GREASE DANCE;XBOX360;KINECT;ESPAÑOL;10
000597;JASF AVIONES;XBOX360;SIMULACION;ESPAÑOL;8
000598;KINET PUSS BOOTS;XBOX360;KINECT;ESPAÑOL;1
000599;TINTIN;XBOX360;INFANTILES, AVENTURA;ESPAÑOL;3
000600;NEED FOR SPEED THE RUN;XBOX360;CONDUCCION;ESPAÑOL;3
000601;HALO ANIVERSARY;XBOX360;SHOOTER;ESPAÑOL;11
000602;KINECT POWER UP HEROES;XBOX360;KINECT;ESPAÑOL;1
000603;ASSASSIN'S CREED REVELATIONS;XBOX360;AVENTURA;ESPAÑOL;0
000604;DEAD ISLAND;XBOX360;TERROR, ACCION;ESPAÑOL;19
000605;THE KING OF FIGTHERS XIII;XBOX360;ARCADE;ESPAÑOL;7
000606;RAW 2012;XBOX360;ARCADE;ESPAÑOL;2
000607;SAINTS ROW 3;XBOX360;AVENTURA;ESPAÑOL;12
000608;METAL GEAR COLLECTION HD (2 DVDS);XBOX360;ESTRATEGIA;ESPAÑOL;3
000609;DODONPACHI RESURRECTION DELUXE EDITION;XBOX360;ARCADE;ESPAÑOL;7
000610;JUST DANCE 2 KIDS 2;XBOX360;KINECT;ESPAÑOL;6
000611;DISNEY UNIVERSE;XBOX360;INFANTILES, AVENTURA;ESPAÑOL;8
000612;X MEN DESTINY;XBOX360;ACCION;ESPAÑOL;0
000613;UFC UNDISPUTED 3;XBOX360;ARCADE;ESPAÑOL;3
000614;GRAND SLAM 2012;XBOX360;DEPORTES;ESPAÑOL;7
000615;MARVEL VS CAPCOM 3 ULTIMATE;XBOX360;ARCADE;ESPAÑOL;0
000616;SYNDICATE;XBOX360;ACCION;ESPAÑOL;7
000617;NEVER DEAD 2.0 - 3.0;XBOX360;ACCION;ESPAÑOL;4
000618;MORTAL KOMBAT KOMPLETE EDITION;XBOX360;ARCADE;ESPAÑOL;4
000619;SSX;XBOX360;DEPORTES;ESPAÑOL;1
000620;STREET FIGHTER VS TEKKEN;XBOX360;ARCADE;ESPAÑOL;1
000621;BINARY DOMAIN;XBOX360;ESTRATEGIA;ESPAÑOL;10
000622;FIFA STREET 2012;XBOX360;DEPORTES;ESPAÑOL;14
000623;NINJA GAIDEN 3;XBOX360;ACCION;ESPAÑOL;5
000624;SILENT HILL COLLECTION;XBOX360;;ESPAÑOL;7
000625;NARUTO SHIPUDEN STORM GENERATIONS;XBOX360;ARCADE;ESPAÑOL;7
000626;KINECT RUSH DISNEY PIXAR ADVENTURE;XBOX360;KINECT;ESPAÑOL;3
000627;ARMORED CORE V;XBOX360;ESTRATEGIA;ESPAÑOL;2
000628;BIRDS OF STEEL;XBOX360;ESTRATEGIA;ESPAÑOL;16
000629;SILENT HILL DOWNPOUR;XBOX360;AVENTURA;ESPAÑOL;9
000630;RESIDENT EVIL OPERATION REACCOON CITY;XBOX360;AVENTURA;ESPAÑOL;6
000631;KINECT YOOSTAR MTV;XBOX360;KINECT;ESPAÑOL;9
000632;COLIN MCRAE DIRT 3;XBOX360;CONDUCCION;ESPAÑOL;0
000633;ASURAS WRATH;XBOX360;ARCADE;ESPAÑOL;4
000634;DARkNESS 2.0.3.0;XBOX360;ACCION;ESPAÑOL;8
000635;FINAL FANTASY XIII-2 ORDER PACK 3.0;XBOX360;ESTRATEGIA;ESPAÑOL;2
000636;RECKONING 3.0;XBOX360;ESTRATEGIA;ESPAÑOL;3
000637;SOUL CALIBUR V 3.0;XBOX360;ARCADE;ESPAÑOL;2
000638;RISE OF NIGHTMARES KINECT;XBOX360;ACCION;ESPAÑOL;0
000639;KINECT MICHAEL PHELPS PUSH THE LIMIT;XBOX360;KINECT;ESPAÑOL;4
000640;KINECT ALVIN AND THE CHIMPMUNKS CHIP WRECKED;XBOX360;KINECT;ESPAÑOL;8
000641;MIDNIGHT CLUB LOS ANGELES;XBOX360;CONDUCCION;ESPAÑOL;3
000642;KINECT SUMMER STARS 2012;XBOX360;KINECT;ESPAÑOL;0
000643;BEE MOVIE GAME;XBOX360;INFANTILES, AVENTURA;ESPAÑOL;11
000644;BEJEWELED 3 POC CAP;XBOX360;ARCADE;ESPAÑOL;6
000645;CAPCOM DIGITAL COLLECTION;XBOX360;ARCADE;ESPAÑOL;2
000646;TIGER WOODS PGA TOUR 13;XBOX360;DEPORTES;ESPAÑOL;2
000647;SONIC GENERATIONS;XBOX360;INFANTILES, AVENTURA;ESPAÑOL;0
000648;KINECT COUNTRY DANCE;XBOX360;KINECT;ESPAÑOL;7
000649;BLADE OF TIME;XBOX360;ESTRATEGIA;ESPAÑOL;4
000650;BLATTLE SHIP;XBOX360;ACCION;ESPAÑOL;7
000651;DEADLIEST WARRIOR ANCIENT COMBAT;XBOX360;ACCION;ESPAÑOL;0
000652;KINECT STAR WARS;XBOX360;KINECT;ESPAÑOL;7
000653;PROTOTYPE 2;XBOX360;AVENTURA, ACCION;ESPAÑOL;14
000654;MARVEL SUPER HERO AQUAD COMIC COMBAT;XBOX360;ARCADE;ESPAÑOL;14
000655;THE WITCHER ASSASSINS OF KINGS ENHANCED EDITION;XBOX360;AVENTURA, ACCION;ESPAÑOL;0
000656;SUPER STAR KARTZ MADAGASCAR;XBOX360;INFANTILES, AVENTURA;ESPAÑOL;0
000657;HEROES OVER EUROPE;XBOX360;ACCION;ESPAÑOL;1
000658;CARTOON NETWORK PUNCH TIME;XBOX360;INFANTILES, AVENTURA;ESPAÑOL;2
000659;KINECT FANTASTIC PETS;XBOX360;KINECT;ESPAÑOL;3
000660;KINECT DANCE CENTRAL 2;XBOX360;KINECT;ESPAÑOL;0
000661;RIGGE RACER UNBOUNER;XBOX360;CONDUCCION;ESPAÑOL;10
000662;KINECT NICKELDEON DANCE;XBOX360;KINECT;ESPAÑOL;2
000663;CRASH OF THE TITANS;XBOX360;INFANTILES, AVENTURA;ESPAÑOL;2
000664;KINET LETS CREER;XBOX360;KINECT;ESPAÑOL;1
000665;TIGER WOODS PGA 13;XBOX360;DEPORTES;ESPAÑOL;2
000666;KINECT DISNELAYND ADVENTURES;XBOX360;KINECT;ESPAÑOL;4
000667;MI EXPERTO DEFENSA PERSONAL;XBOX360;KINECT;ESPAÑOL;5
000668;THE SIMS 3 PETS;XBOX360;SIMULACION;ESPAÑOL;16
000669;HOLE IN THE WALL;XBOX360;ESTRATEGIA;ESPAÑOL;4
000670;KINECT RAPALA ;XBOX360;KINECT;ESPAÑOL;2
000671;KINECT SPOR SEASON TWO;XBOX360;KINECT;ESPAÑOL;5
000672;MUD MOTOCROS WORLD;XBOX360;CONDUCCION;ESPAÑOL;0
000673;KINECT BIG LEAGUE SPORT;XBOX360;KINECT;ESPAÑOL;1
000674;KINECT JILLIAN MICHAELS FITNESS ADVENTURE;XBOX360;KINECT;ESPAÑOL;0
000675;KINECT KUNG FU HIGH IMPACT;XBOX360;KINECT;ESPAÑOL;0
000676;KINECT CHILD OF EDEN;XBOX360;KINECT;ESPAÑOL;3
000677;DEVIL MAY CRY COLLECTION HD;XBOX360;AVENTURA;ESPAÑOL;9
000678;KINECT THE GUN STRINGER;XBOX360;KINECT;ESPAÑOL;0
000679;JURASIC PARK;XBOX360;ACCION;ESPAÑOL;7
000680;DREAMCAST COLECTION;XBOX360;ESTRATEGIA;ESPAÑOL;4
000681;KINECT TWISTER MANIA;XBOX360;KINECT;ESPAÑOL;1
000682;BLATTLE SHIP;XBOX360;ESTRATEGIA;ESPAÑOL;2
000683;FALLOUT NEW VEGAS ULTIMATE EDITION 2 DVDS;XBOX360;SHOOTER;ESPAÑOL;2
000684;MASS EFECT 3 (2 DVDS);XBOX360;SHOOTER;ESPAÑOL;0
000685;GHOST RECON FUTURE SOLDIER;XBOX360;SHOOTER;ESPAÑOL;8
000686;DRAGON'S DOGMA;XBOX360;ESTRATEGIA;ESPAÑOL;0
000687;SBK GENERATIONS;XBOX360;CONDUCCION;ESPAÑOL;5
000688;ALIEN CRISIS MIB;XBOX360;AVENTURA;ESPAÑOL;6
000689;DIRT SHOWDOWN;XBOX360;CONDUCCION;ESPAÑOL;0
000690;INVERSION;XBOX360;SHOOTER;ESPAÑOL;9
000691;LOLLIPOP CHAINSAW;XBOX360;ESTRATEGIA;ESPAÑOL;0
000692;SKYRIM;XBOX360;AVENTURA;ESPAÑOL;4
000693;STEEL BATTALLON HEAVY ARMOR;XBOX360;ESTRATEGIA;ESPAÑOL;6
000694;BRAVE COMPATIBLE KINECT;XBOX360;KINECT;ESPAÑOL;6
000695;LEGO BATMAN 2;XBOX360;INFANTILES, AVENTURA;ESPAÑOL;2
000696;MADAGASCAR 3 VIDEO JUEGO;XBOX360;INFANTILES, AVENTURA;ESPAÑOL;9
000697;BATMAN ARCKAM CITY GOTY EDITION 2 DVDS;XBOX360;AVENTURA, ACCION;ESPAÑOL;7
000698;MAX PAYNE 3 2 DVDS;XBOX360;AVENTURA, ACCION;ESPAÑOL;3
000699;ICE AGE 4 LA ERA DEL HIELO 4;XBOX360;INFANTILES, AVENTURA;ESPAÑOL;6
000700;GAME OF TRONE;XBOX360;ESTRATEGIA;ESPAÑOL;4
000701;LONDON DONDRES 2012 KINECT;XBOX360;KINECT;ESPAÑOL;7
000702;SPIDER MAN THE AMAZING;XBOX360;AVENTURA;ESPAÑOL;1
000703;SPEC OPS THE LINE;XBOX360;SHOOTER;ESPAÑOL;1
000704;JUST DANCE GREATS HITS;XBOX360;SIMULADOR;ESPAÑOL;14
000705;HAPPY FEET TWO;XBOX360;INFANTILES;ESPAÑOL;15
000706;KINECT MAIN EVENT HILK HOGAN S;XBOX360;KINECT;ESPAÑOL;7
000707;KINECT DISNEYLAND ADVENTURES;XBOX360;KINECT;ESPAÑOL;7
000708;NCCA FOOTBALL 13;XBOX360;DFEPORTES;ESPAÑOL;6
000709;ANARCHY REIGNS;XBOX360;ESTRATEGIA;ESPAÑOL;5
000710;TEST DRIVE FERRARI RACING LEGENDS;XBOX360;CONDUCCION;ESPAÑOL;0
000711;HARRY POTTER YEARS 5-7;XBOX360;AVENTURA;ESPAÑOL;17
000712;GREAT BATTLES MEDIEVAL;XBOX360;ESTRATEGIA;ESPAÑOL;21
000713;KINECT PENGUINS OF MADAGASCAR;XBOX360;KINECT;ESPAÑOL;8
000714;HARRY POTTER AND THE DEATHLY HALLOWS PART 1;XBOX360;AVENTURA;ESPAÑOL;4
000715;NHL 12 2012;XBOX360;DEPORTES;ESPAÑOL;3
000716;DIVINITY 2 THE DRAGON KNIGHT SAGA;XBOX360;ESTRATEGIA;ESPAÑOL;3
000717;KIINECT SELF DEFENSE TRAINING CAMP;XBOX360;KINECT;ESPAÑOL;3
000718;AKAIKATANA;XBOX360;ARCADE;ESPAÑOL;0
000719;DEAD ISLAND GAME OF THE YEAR EDITION;XBOX360;AVENTURA. ACCION;ESPAÑOL;5
000720;MI COACH (2 DVDS);XBOX360;KINECT;ESPAÑOL;0
000721;EVERYONE SING;XBOX360;SIMULACION;ESPAÑOL;3
000722;DARKSIDERS 2 (2 DVDS);XBOX360;AVENTURA;ESPAÑOL;1
000723;KINECT BRUNSWICK PRO BOWLING;XBOX360;KINECT;ESPAÑOL;4
000724;PERSONA 4;XBOX360;ARCADE;ESPAÑOL;2
000725;SLEEPING DOGS;XBOX360;AVENTURA, ACCION;ESPAÑOL;11
000726;DEAD ALIVE 5;XBOX360;ARCADE;ESPAÑOL;6
000727;ANGRY BIRDS TRILOGY ESP.;XBOX360;INFANTILES;ESPAÑOL;36
000728;WORMS COLLECTION ESP.;XBOX360;INFANTILES;ESPAÑOL;12
000729;KINECT NBA BALLER BEATS;XBOX360;KINECT;ESPAÑOL;6
000730;BORDERLANDS 2;XBOX360;AVENTURA, ACCION;ESPAÑOL;3
000731;FORMULA 1 2012;XBOX360;CONDUCCION;ESPAÑOL;3
000732;KINECT LET'S DANCE;XBOX360;KINECT;ESPAÑOL;0
000733;TEKKEN TAG 2 TOURNAMENT;XBOX360;ARCADE;ESPAÑOL;7
000734;KINECT SESAME STREET 123 (2 DISC);XBOX360;KINECT;ESPAÑOL;4
000735;FIFA 2013;XBOX360;DEPORTES;ESPAÑOL;11
000736;PRO EVOLUTION SOCCER 2013 PES 13;XBOX360;DEPORTES;ESPAÑOL;1
000737;DRAGON AGE ORIGINS ULTIMATE EDITION + EXP.;XBOX360;AVENTURA;ESPAÑOL;0
000738;RISEN 2 DARK WATERS;XBOX360;AVENTURA, ACCION;ESPAÑOL;12
000739;BLACK WATER;XBOX360;AVENTURA;ESPAÑOL;14
000740;NHL 2013;XBOX360;DEPORTES;ESPAÑOL;9
000741;KINECT HARRY POTTER;XBOX360;KINECT;ESPAÑOL;10
000742;XCOM ENEMY UNKNOWN;XBOX360;ESTRATEGIA;ESPAÑOL;0
000743;EL TESTAMENTO DE SHERLOCK HOLMES;XBOX360;AVENTURA;ESPAÑOL;4
000744;DISHONORED;XBOX360;AVENTURA;ESPAÑOL;2
000745;KINECT SPORT ULTIMATE COLLECTION;XBOX360;KINECT;ESPAÑOL;0
000746;ZUMA'S REVENGE;XBOX360;ARCADE;ESPAÑOL;4
000747;TRIPLE PACK OUTLAND- FROM DUST BEYOND GOOD EVIL;XBOX360;ARCADE;ESPAÑOL;6
000748;RESIDENT EVIL 6 (2 DISCO);XBOX360;AVENTURA;ESPAÑOL;7
000749;NBA 2K 13 2013;XBOX360;DEPORTES;ESPAÑOL;18
000750;KINECT NAT GEO (2 DISCOS);XBOX360;KINECT;ESPAÑOL;3
000751;HALO 4;XBOX360;SHOOTER;ESPAÑOL;17
000752;KINECT DRAGON BALL Z;XBOX360;SIMULADOR;ESPAÑOL;22
000753;MEDAL OF HONOR WARFIGHTER (2 DVDS);XBOX360;SHOOTER;ESPAÑOL;4
000754;ASSASSIN'S CREED III 3;XBOX360;AVENTURA, ACCION;ESPAÑOL;26
000755;DOOM 3;XBOX360;TERROR, ACCION;ESPAÑOL;4
000756;W 13 ;XBOX360;ARCADE;ESPAÑOL;7
000757;CABELAS HUNTING EXPEDITIONS;XBOX360;SIMULACION;ESPAÑOL;4
000758;KINECT DANCE CENTRAL 3;XBOX360;KINECT;ESPAÑOL;13
000759;CABELAS DANGEROUS HUNTS 2013;XBOX361;SIMULACION;ESPAÑOL;4
000760;JUST DANCE 4;XBOX362;SIMULADOR;ESPAÑOL;0
000761;KINECT HOLLYWOOD WORKOUT;XBOX363;KINECT;ESPAÑOL;2
000762;CARRIER COMMAND GAEA MISSION;XBOX364;ESTRATEGIA;ESPAÑOL;1
000763;NEED FOR SPEED MOST WANTED 2;XBOX360;CONDUCCION;ESPAÑOL;5
000764;CALL OF DUTY BLACK OPS 2;XBOX360;SHOOTER;ESPAÑOL;0
000765;SONIC ALL STARS RACING TRANSFORMED;XBOX360;AVENTURA;ESPAÑOL;8
000766;DRAGON BALL Z BUDOKAI 1, 2 y 3 HD COLECCIÓN;XBOX360;ARCADE;ESPAÑOL;1
000767;EPIC MICKEY 2;XBOX360;INFANTILES;ESPAÑOL;3
000768;HITMAN ABSOLUTION;XBOX360;AVENTURA;ESPAÑOL;10
000769;FARCRY 3;XBOX360;AVENTURA., ACCION;ESPAÑOL;7
000770;LEGO LORD OF THE RINGS (EL SEÑOR DE LOS ANILLOS);XBOX360;AVENTURA, ACCION;ESPAÑOL;3
000771;SABAN´S POWER RANGERS SUPER SAMURAI KINECT;XBOX360;INFANTILES;ESPAÑOL;10
000772;FAMILY GUY BACK TO THE MULTIVERSE;XBOX360;INFANTILES;ESPAÑOL;1
000773;THE WALKING OF DEAD;XBOX360;AVENTURA, ESTRATEGIA;ESPAÑOL;3
000774;GEARS OF WAR JUDGMENT;XBOX360;SHOOTER;ESPAÑOL;0
000775;FIST OF THE NORTH STAR KEN'S RAGE 2;XBOX360;ESTRATEGIA;ESPAÑOL;2
000776;MIDWAY ARCADE ORIGINS;XBOX360;ARCADE;ESPAÑOL;3
000777;DEAD SPACE 3 (2 DVD);XBOX360;SHOOTER;ESPAÑOL;7
000778;CRYSIS 3;XBOX360;SHOOTER;ESPAÑOL;3
000779;METAL GEAR RISING REVENGEANCE;XBOX360;ESTRATEGIA;ESPAÑOL;1
000780;DMC DEVIL MAY CRY;XBOX360;AVENTURA;ESPAÑOL;10
000781;ALIENS COLONIAL MARINES;XBOX360;ESTRATEGIA;ESPAÑOL;8
000782;HEAVY FIRE SHATTERED SPEAR;XBOX360;ESTRATEGIA;ESPAÑOL;4
000783;OMERTA CITY OF GANGSTERS;XBOX360;ESTRATEGIA;ESPAÑOL;8
000784;HITMAN HD ;XBOX360;AVENTURA;ESPAÑOL;10
000785;TOMB RAIDER ;XBOX360;AVENTURA;ESPAÑOL;2
000786;NARUTO SHIPUDEN ULTIMATE NINJA STORM 3;XBOX360;ARCADE;ESPAÑOL;0
000787;TOY STORY MANIA;XBOX360;INFANTILES;ESPAÑOL;0
000788;RISE OF THE GUARDIANS;XBOX360;AVENTURA;ESPAÑOL;11
000789;WALKING DEAD SURVIVAL INSTINCT;XBOX360;AVENTURA;ESPAÑOL;6
000790;SNIPER 2 GHOS WARRIOE;XBOX360;SHOOTER;ESPAÑOL;5
000791;INJUSTICE GODS AMONGS;XBOX360;ARCADE;ESPAÑOL;11
000792;KINECT THE HIP HOP DANCE EXPERIENCE;XBOX360;KINECT;ESPAÑOL;5
000793;BIOSHOCK INFINITE;XBOX360;SHOOTER;ESPAÑOL;5
000794;KINECT SPONGEBOB'S SURF Y SKATE;XBOX360;KINECT;ESPAÑOL;4
000795;FABLE THE JOURNEY;XBOX360;AVENTURA;ESPAÑOL;6
000796;NCAA FOOTBALL 13;XBOX360;DEPORTES;ESPAÑOL;0
000797;REX AGENT OF PROVIDENCE;XBOX360;ESTRATEGIA;ESPAÑOL;0
000798;CHALLENGE NATIONAL GOGRAPHIC ESP.;XBOX360;ARCADE;ESPAÑOL;0
000799;PERFECT DARK ZERO;XBOX360;ESTRATEGIA;ESPAÑOL;0
000800;STAR TREK 2013;XBOX360;ESTRATEGIA;ESPAÑOL;0
000801;IRON SKY INVASION;XBOX360;ESTRATEGIA;ESPAÑOL;13
000802;ZONE OF THE ENDERS HD COLLECTION;XBOX360;ESTRATEGIA;ESPAÑOL;0
000803;JACK YOU DON T KNOW;XBOX360;ESTRATEGIA;ESPAÑOL;0
000804;THE PRICE IS RIGHT;XBOX360;ESTRATEGIA;ESPAÑOL;0
000805;DECA SPORT FREEDOM  KINECT;XBOX360;KINECT;ESPAÑOL;3
000806;METRO LAST LIGHT;XBOX360;SHOOTER;ESPAÑOL;2
000807;FAST FURIOUS SHODOWN;XBOX360;CONDUCCION;ESPAÑOL;4
000808;RESIDEN EVIL REVELACION;XBOX360;AVENTURA, TERROR;ESPAÑOL;24
000809;NINJA GAIDEN 3 RAZOR S EDGE;XBOX360;AVENTURA;ESPAÑOL;8
000810;FUSE;XBOX360;ESTRATEGIA;ESPAÑOL;1
000811;GRID 2;XBOX360;CONDUCCION;ESPAÑOL;5
000812;REMEMBER ME;XBOX360;SHOOTER;ESPAÑOL;6
000813;MINECRAFT;XBOX360;ARCADE;ESPAÑOL;17
000814;WORMS THE REVOLUTION COLLECTION;XBOX360;INFANTILES;ESPAÑOL;9
000815;FORZA HORIZON;XBOX360;CONDUCCION;ESPAÑOL;0
000816;ARMY OF TWO THE DEVIL S CARTEL;XBOX360;SHOOTER;ESPAÑOL;20
000817;SNIPER V2;XBOX360;SHOOTER;ESPAÑOL;6
000818;TOP HAND RODEO TOUR;XBOX360;ESTRATEGIA;ESPAÑOL;3
000819;THE SMURFS 2 (LOS PITUFOS 2);XBOX360;INFANTILES;ESPAÑOL;9
000820;TURBO SUPER STUNT SQUAD;XBOX360;INFANTILES;ESPAÑOL;11
000821;FHINEAS AND FERD QUES FOR COOL STUFF;XBOX360;INFANTILES;ESPAÑOL;6
000822;NCAA FOOTBALL 14;XBOX360;DEPORTES;ESPAÑOL;9
000823;DISNEY INFINITY;XBOX360;INFANTILES;ESPAÑOL;9
000824;LOST PLANET 3 ;XBOX360;SHOOTER;ESPAÑOL;9
000825;PAYDAY 2;XBOX360;SHOOTER;ESPAÑOL;3
000826;SAINTS ROW 4 IV;XBOX360;AVENTURA, ACCION;ESPAÑOL;11
000827;RAYMAN LEGENDS ;XBOX360;AVENTURA, INFANTILES;ESPAÑOL;13
000828;DIABLO 3;XBOX360;AVENTURA ;ESPAÑOL;8
000829;GRAND THEFT AUTO V;XBOX360;AVENTURA;ESPAÑOL;9
000830;PRO EVOLUTION SOCCER 2014 PES 14 ;XBOX360;DEPORTES;ESPAÑOL;13
000831;DEAD ALIVE 5 ULTIMATE;XBOX360;ARCADE;ESPAÑOL;11
000832;FIFA 2014;XBOX360;DEPORTES;ESPAÑOL;7
000833;NBA 2K14 2014;XBOX360;DEPORTES;ESPAÑOL;10
000834;SPLINTER CELL BLACK LIST (2DVD'S);XBOX360;AVENTURA, SHOOTER;ESPAÑOL;19
000835;F1 13 FORMULA 1 2013;XBOX360;CONDUCCION;ESPAÑOL;13
000836;AIR CONFLICTS VIETNAM;XBOX360;SHOOTER;ESPAÑOL;11
000837;HOT WHEELS EL MEJOR PILOTO DEL MUNDO;XBOX360;CONDUCCION, INFANTILES;ESPAÑOL;16
000838;KINECT JUST DANCE 2014;XBOX360;SIMULADOR;ESPAÑOL;5
000839;PHAN OM BREAKER;XBOX360;ARCADE;ESPAÑOL;8
000840;SPONGE BOB SQUARE PANTS PLANKTONSROBOTIC REVENGE;XBOX360;INFANTILES;ESPAÑOL;1
000841;DARK  ;XBOX360;AVENTURA;ESPAÑOL;0
000842;KINECT LEELA DEEPACK CHOPRA,S;XBOX360;SIMULADOR;ESPAÑOL;6
000843;ARMORE CORE VERDICT DAY;XBOX360;SIMULADOR;ESPAÑOL;12
000844;KINECT CROSS BOARD 7;XBOX360;SIMULADOR;ESPAÑOL;11
000845;BATLEFIELD 4 (2 DVD'S);XBOX360;AVENTURA, ACCION, SHOOTER;ESPAÑOL;4
000846;BATMAN ARKHAM ORIGIN'S (2DVD'S);XBOX360;AVENTURA, ACCION;ESPAÑOL;11
000847;LEGO MARVEL SUPER HEROES;XBOX360;AVENTURA, INFANTILES;ESPAÑOL;3
000848;ANGRY BIRDS STAR WARS;XBOX360;INFANTILES;ESPAÑOL;6
000849;CALL OF DUTY GHOST (2DVD'S);XBOX360;AVENTURA, ACCION, SHOOTER;INGLES;25
000850;ASSASSIN'S CREED BLACK FLAG;XBOX360;AVENTURA, ACCION;ESPAÑOL;12
000851;WWE 2K14 (SMACK DOWN VS RAW 2014);XBOX360;ARCADE;ESPAÑOL;10
000852;NICKELODEON TURTLES TEENAGE MUTANT NINJA;XBOX360;AVENTURA, INFANTILES;ESPAÑOL;17
000853;OF ORCS AND MEN;XBOX360;AVENTURA;ESPAÑOL;5
000854;MINUTE TO WIN IT;XBOX360;KINECT, ARCADE;ESPAÑOL;0
000855;NARUTO ULTIMATE NINJA STORM 3 FULL BURST;XBOX360;ARCADE;ESPAÑOL;8
000856;KINECT JUST DANCE KIDS 2014;XBOX360;KINECT, SIMULACION;ESPAÑOL;17
000857;MARVEL AVENGERS BATTLE FOR EARTH (VENGADORES);XBOX360;KINECT, AVENTURA;ESPAÑOL;6
000858;BEN 10 OMNIVERSE 2;XBOX360;AVENTURA, INFANTILES;ESPAÑOL;4
000859;NEED FOR SPEED RIVALS;XBOX360;CONDUCCION;ESPAÑOL;2
000860;DEADFALL ADVENTURES;XBOX360;AVENTURA, ACCION;ESPAÑOL;9
000861;INJUSTICE GODS AMONGS US ULTIMATE EDITION;XBOX360;ARCADE, ACCION;ESPAÑOL;12
000862;WALKING DEAD GOTY;XBOX360;AVENTURA, ACCION;ESPAÑOL;6
000863;WIPEOUT CREATE & CRASH;XBOX360;AVENTURA, ACCION;;8
000864;YOUNG JUSTICE LEGACY;XBOX360;AVENTURA, ACCION;;17
000865;ZUMBA FITNESS WORLD PARTY;XBOX360;AVENTURA, ACCION;;7
000866;THE BUREAU XCOM DECLASSIFIED;XBOX360;AVENTURA, ACCION;;7
000867;DEAD ISLAND RIPTIDE;XBOX360;AVENTURA, ACCION;;1
000868;NIKE + KINECT TRAINING;XBOX360;AVENTURA, ACCION;;4
000869;DRAGON BALLL BATTLE Z;XBOX360;AVENTURA, ACCION;;11
000870;THE LEGO MOVIE VIDEOGAME;XBOX360;AVENTURA, ACCION;;16
000871;CASTLEVANIA LORDS OF SHADOW 2;XBOX360;AVENTURA, ACCION;;2
000872;SOUTH PARK THE STICK OF TRUTH;XBOX360;AVENTURA, ACCION;;1
000873;DARK SOULS 2;XBOX360;AVENTURA, ACCION;;5
000874;THIEF;XBOX360;AVENTURA, ACCION;;1
000875;LIGHTNING RETURNS: FINAL FANTASY XIII(13);XBOX360;AVENTURA, ACCION;;7
000876;ZOO TYCOON;XBOX360;AVENTURA, ACCION;;3
000877;LEGO THE HOBBIT;XBOX360;AVENTURA, ACCION;;2
000878;2014 FIFA WORLD CUP BRAZIL;XBOX360;AVENTURA, ACCION;;11
000879;ROCKSMITH 2014;XBOX360;AVENTURA, ACCION;;2
000880;ADVENTURE TIME EXPLORE THE DUNGEON BECAUSE I DONT KNOW! (HORA DE AVENTURA);XBOX360;AVENTURA, ACCION;;0
000881;CABELAS BIG GAME HUNTER PRO HUNTS;XBOX360;AVENTURA, ACCION;;3
000882;MOTO GP 13;XBOX360;AVENTURA, ACCION;;3
000883;THE AMAZING SPIDER MAN 2;XBOX360;AVENTURA, ACCION;;20
000884;BOUND BY FLAME;XBOX360;AVENTURA, ACCION;;17
000885;WRC FIA WORLD RALLY CHAMPIONSHIP 4;XBOX360;AVENTURA, ACCION;;0
000886;TERRARIA;XBOX360;AVENTURA, ACCION;;9
000887;CABELAS AFRICAN ADVENTURES;XBOX360;AVENTURA, ACCION;;7
000888;WATCH DOGS;XBOX360;AVENTURA, ACCION;;8
000889;MURDERED SOUL SUSPECT;XBOX360;AVENTURA, ACCION;;11
000890;HOW TO TRAIN YOUR DRAGON 2 (COMO ENTRENAR A TU DRAGON 2);XBOX360;AVENTURA, ACCION;;5
000891;DUCKTALES REMASTERED;XBOX360;AVENTURA, ACCION;;0
000892;ENEMY FRONT;XBOX360;AVENTURA, ACCION;;0
000893;WOLFENSTEIN THE NEW ORDER;XBOX360;AVENTURA, ACCION;;0
000894;FABLE ANNIVERSARY;XBOX360;AVENTURA, ACCION;;0