000001;JET LI RISE TO HONOR (CUESTION DE HONOR);ACCIÓN;8;
000002;MAX PAYNE 2 THE FALL OF MAX PAYNE;ACCIÓN;4;
000003;KILL ZONE;ACCIÓN;8;
000004;RESIDENT EVIL DEAD AIM;ACCIÓN;4;
000005;BURNOUT REVENGE;CONDUCCIÓN;1;
000006;CARS;CONDUCCIÓN;7;
000007;DRIVER PARALLEL LINES;CONDUCCIÓN;3;
000008;FLATOUT 2;CONDUCCIÓN;6;
000009;FORMULA 1 2005;CONDUCCIÓN;3;
000010;NASCAR 2005;CONDUCCIÓN;0;
000011;NHRA CHAMPIONSHIP DRAG RACING;CONDUCCIÓN;9;
000012;NEED FOR SPEED MOST WANTED ;CONDUCCIÓN;0;
000013;GRAND THEFT AUTO SAN ANDREAS;ACCIÓN;0;
000014;SEGA RALLY 2006;CONDUCCIÓN;4;
000015;NEED FOR SPEED UNDERGROUND 2;CONDUCCIÓN;18;
000016;SONIC RIDERS ;CONDUCCIÓN;5;
000017;DESTRUCTION DERBY ARENAS;CONDUCCIÓN;13;
000018;BURNOUT 3 TAKEDOWN;CONDUCCIÓN;9;
000019;ALTERED BEAST;ACCIÓN;6;
000020;SPONGEBOB SQUAREPANTS LIGHTS,CAMERA,PANTS!;INFANTILES;7;
000021;BATMAN BEGINS;ACCIÓN;5;
000022;BLACK ;ACCIÓN;0;
000023;BLOOD RAYNE 2;ACCIÓN;2;
000024;BUSCANDO A NEMO;INFANTILES;4;
000025;CASTLEVANIA;ACCIÓN;9;
000026;CRASH TAG TEAM RACING;CONDUCCIÓN;2;
000027;CHICKEN  LITTLE;INFANTILES;4;
000028;DIGIMON DIGIMON WORLD 4;ROL;5;
000029;GAUNTLEF;ACCIÓN;5;
000030;GRAND THEFT AUTO LIBERTY CITY STORIES;ACCIÓN;4;
000031;GRANDIA 3;ROL;4;
000032;GRADIUS;ROL;7;
000033;HARRY POTTER QUIDDITCH WORLD CUP;ROL;1;
000034;HITMAN BLOOD MONEY;ACCIÓN;3;
000035;ICO;ROL;6;
000036;LAS CRONICAS DE NARNIA;ROL;7;
000037;LOS 4 FANTASTICOS (VOCES EN ESP.);ACCIÓN;6;
000038;MADAGASCAR;INFANTILES;0;
000039;MONSTER RANCHER EVO;ROL;1;
000040;OVER THE HEDGE VECINOS INVASORES;INFANTILES;6;
000041;YS THE ARK OF NAPISHTIM;ROL;1;
000042;SEA WORLD AVENTURE;ROL;8;
000043;SHADOW OF THE COLOSSUS;ROL;6;
000044;SOUL CALIBUR 2;ROL;6;
000045;SPIDER MAN 2;ACCIÓN;10;
000046;STUART LITTLE 3 BIG PHOTO ADVENTURE;INFANTILES;7;
000047;TEENAGE MUTANT NINJA TURTLES 2 BATTLE NEXUS;INFANTILES;10;
000048;ULTRAMAN REBIRTH FIGTING EVOLUTION;ROL;6;
000049;ULTIMATE SPIDER MAN;ACCIÓN;2;
000050;JAK 3 ;INFANTILES;7;
000051;SEÑOR DE LOS ANILLOS LAS DOS TORRRES;ACCIÓN;10;
000052;OUTLAW VOLLEYBALL;DEPORTIVO;10;
000053;FIGHT NIGHT ROUND 3 ;DEPORTIVO;7;
000054;FINAL FIGHT;ARCADE;6;
000055;ROCKY LEGEND;ARCADE;3;
000056;VICTORIOUS BOXER 2  FIGHTING SPIRIT;ARCADE;1;
000057;FIFA STREET  ;DEPORTIVO;9;
000058;FIFA STREET 2;DEPORTIVO;20;
000059;GERMANY 2006;DEPORTIVO;4;
000060;WINNING ELEVEN 10 ESPAÑOL;DEPORTIVO;0;
000061;WINNING ELEVEN 10 INGLES;DEPORTIVO;4;
000062;WINNING ELEVEN 7 NIKEFOOLBALL 2;DEPORTIVO;4;
000063;WINNING ELEVEN 8 ESP;DEPORTIVO;0;
000064;WINNING ELEVEN 9;DEPORTIVO;1;
000065;WINNING ELEVEN 6;DEPORTIVO;0;
000066;WINNING ELEVENG 8 OLE MIX;DEPORTIVO;0;
000067;DEF JAM VENDETTA;ARCADE;6;
000068;PRODE FC;ARCADE;7;
000069;SHADOW HEARTS;ARCADE;6;
000070;SMACK VS. RAW;ARCADE;3;
000071;SMACK VS. RAW 2006;ARCADE;4;
000072;UFC SUDDEN IMPACT;ARCADE;9;
000073;MOTOCROSS MANIA 3;CONDUCCIÓN;7;
000074;FREEKSTYLE;CONDUCCIÓN;15;
000075;BEAT MANIA;ROL;6;
000076;DANCE DANCE REVOLUTION EXTREME 2;SIMULADOR;11;
000077;50 CENT BULLETPROOF;ACCIÓN;8;
000078;ART OF FIGHTIN COLLECTION TIPO CAPCOM;ARCADE;8;
000079;CABALLEROS DEL ZODIACO SANTUARIO;ARCADE;10;
000080;CAPCOM EVOLUTION;ARCADE;7;
000081;DRAGON BALL Z SUPER;ARCADE;7;
000082;DRAGON BALL Z SAGAS;ARCADE;1;
000083;MARVEL VS CAPCOM 2;ARCADE;8;
000084;MORTAL KOMBAT DECEPTION;ARCADE;8;
000085;MORTAL KOMBAT SHAOLIN MONKS;ARCADE;4;
000086;SNK VS. CAPCOM;ARCADE;3;
000087;TEKKEN TAG TOURNAMENT;ARCADE;16;
000088;TEKKEN 4;ARCADE;6;
000089;TEKKEN 5;ARCADE;16;
000090;DEF JAM FIGH FOR NY;ARCADE;9;
000091;DRAGON BALL Z TENKAICHI;ARCADE;4;
000092;MORTAL KOMBAT V;ARCADE;10;
000093;THE KING OF FIGTJER 3D2;ARCADE;3;
000094;COMMANDOS STRIKE FORCE;ESTRATEGIA;7;
000095;COMFLICT DESERT STORM 2 BACK BAGDAD;ACCIÓN;8;
000096;DINASTY WARRIO XTREME LEGEND;ROL;5;
000097;SNIPER ELITE;ACCIÓN;9;
000098;DURO DE MATAR 3;ACCIÓN;0;
000099;GHOST RECON ADVANCE WARFIGHTER;ACCIÓN;7;
000100;MEDAL OF HONOR EUROPEAN ASSAULT;ACCIÓN;6;
000101;MEDAL OF HONOR FRONTLINE;ACCIÓN;5;
000102;METAL SLUG 3 ;ARCADE;2;
000103;METAL SLUG 3D;ARCADE;6;
000104;METAL SLUG 5;ARCADE;6;
000105;METALS SLUG 6;ARCADE;8;
000106;SPARTAN TOTAL WARRIOR;ACCIÓN;6;
000107;STAR WARS BATTLE FRONT ;ACCIÓN;6;
000108;STAR WARS BATTLE FRONT 2;ACCIÓN;3;
000109;STAR WARS EPISODE 3 LA VENGANZA DE LOS SITH;ACCIÓN;7;
000110;SWAT GLOVAL STRIKE TEAM;ACCIÓN;12;
000111;TERMINATOR 3;ACCIÓN;8;
000112;THE GOTFATHER;ACCIÓN;4;
000113;THE PUNISHER;ACCIÓN;5;
000114;THE WARRIOS;ACCIÓN;12;
000115;TOMB RAIDER LEGEND;ACCIÓN;9;
000116;URBAN CHAOS GUERRA;ACCIÓN;5;
000117;VAN HELSING;ACCIÓN;4;
000118;VIETCONG;ACCIÓN;8;
000119;WID ARMS ALTER CODEF;ROL;2;
000120;LEISURE SUIT LARRY;ESTRATEGIA;2;
000121;LOS SIMS 1 TOMAN LA CALLE;ESTRATEGIA;3;
000122;LOS SIMS 2;ESTRATEGIA;2;
000123;PLAY BOY THE MANSION (VOCES EN ESP.);ESTRATEGIA;8;
000124;ROLAN GARROS 2005;DEPORTIVO;3;
000125;SILENT HILL 3 ESP.;ACCIÓN;4;
000126;MLB 2006 THE SOW STRAY;DEPORTIVO;1;
000127;NICKTOONS UNITE BOB SPOJA JIMY NEUTRON;INFANTILES;4;
000128;JACKED;DEPORTIVO;5;
000129;JAWS UNLEASHED;INFANTILES;10;
000130;LOONEY TUNES;INFANTILES;3;
000131;PAC MAN MORLD 3;INFANTILES;6;
000132;REAL ROBOT REGIMENT;ROL;2;
000133;RONALDIÑO 3 EN 1;DEPORTIVO;2;
000134;RUMBLE ROSES;ARCADE;5;
000135;SEGA CLASSICS COLLECTION;ARCADE;4;
000136;STEAMBOT CRONICLES;ROL;2;
000137;STITCH EXPERIMENT;INFANTILES;8;
000138;SUPER NINTENDO;ARCADE;0;
000139;XTREME LEGEND;ROL;7;
000140;WIN RACK2 PROYECT POSEDON;ACCIÓN;11;
000141;COLIN MCRAE RALLY 2005;CONDUCCIÓN;2;
000142;NASCAR 2006;CONDUCCIÓN;0;
000143;LA RUSH;CONDUCCIÓN;10;
000144;PRO EVOLUTION 5 ESPAÑOL;DEPORTIVO;0;
000145;PRO EVOLUTION 6 INGLES;DEPORTIVO;0;
000146;BRASILERAO;DEPORTIVO;1;
000147;DARKWATCH (VOCES EN ESP.);ACCIÓN;14;
000148;FINAL FANTASY X;ROL;6;
000149;FINAL FANTASY X-2;ROL;2;
000150;EVIL DEAD REGENERATION;ACCIÓN;2;
000151;ZATCHABELL;ROL;19;
000152;KING KONG;ACCIÓN;3;
000153;CONFLIC GLOVAL STORM;ACCIÓN;6;
000154;DEAD TO RIGHTS II;ACCIÓN;11;
000155;EL SEÑOR DE LOS ANILLOS EL RETORNO DEL REY;ACCIÓN;10;
000156;DEVIL MAY CRY 3;ACCIÓN;1;
000157;METAL SLUG 4;ARCADE;13;
000158;SNESTATION GAMES;ARCADE;8;
000159;3 EN UNO SLUG 3 TORTUGAS ;ARCADE;14;
000160;CABALLEROS DEL ZODIACO HADEZ;ARCADE;0;
000161;THE FCT AND THE FURIOUS TOKYO DRIFT;CONDUCCIÓN;6;
000162;GRAN PRIX SERIES D1 PROFESIONAL;CONDUCCIÓN;7;
000163;NBA LIVE 2007;DEPORTIVO;2;
000164;STARTREK VOYAGER;ACCIÓN;0;
000165;FIFA 2007 ESP.;DEPORTIVO;0;
000166;LOS SIMS 2 PETS (ESP.);ESTRATEGIA;3;
000167;NARUTO ULTIMATE NINJA;ARCADE;8;
000168;FINAL FANTASY V III;ROL;8;
000169;BULLY;ACCIÓN;7;
000170;PRINCE OF PERCIA THE TWO THONEO;ACCIÓN;7;
000171;STATE EMERGENCY 2;ACCIÓN;3;
000172;THE SUFFERING ;ACCIÓN;6;
000173;SPYHUNTER NOWHERE TO RUN;ACCIÓN;6;
000174;NARC;ACCIÓN;2;
000175;YAKUZA;ACCIÓN;4;
000176;JUST CAUSE;ACCIÓN;2;
000177;SPLINTER CELL DOUBLE AGENT;ACCIÓN;6;
000178;SCARFACE THE WORLD IS YOURS (ESPAÑOL);ACCIÓN;8;
000179;METAL GEAR SOLID 2;ESTRATEGIA;7;
000180;METAL GEAR SOLID 3;ESTRATEGIA;9;
000181;MORTAL KOMBAT ARMAGEDON;ARCADE;4;
000182;SUPERMAN RETURNS;ACCIÓN;7;
000183;DRAGON BALL Z BUDOKAI 2;ARCADE;4;
000184;SMACK DOW 2007;ARCADE;5;
000185;GRAN TURISMO 4;CONDUCCIÓN;0;
000186;WINNING ELEVENG 11 INGLES;DEPORTIVO;3;
000187;CHICKEN LITTLE ACE IN ACTION 07;INFANTILES;6;
000188;VOLCANO ISLAND BATLE FOR BOB JIMY 07;INFANTILES;9;
000189;HARLEY DAVISON RACE TO RALLY MOTOS;CONDUCCIÓN;10;
000190;CARBON;CONDUCCIÓN;4;
000191;SOCOM COMBINED ASSAULT;ACCIÓN;8;
000192;CIVIL WAR A NATION DIVIDED;ACCIÓN;4;
000193;SHREK SMASHN CRASH RACING 07;INFANTILES;5;
000194;DRAGON QUEST VIII;ROL;3;
000195;TOP SPIN;DEPORTIVO;10;
000196;24 THE GAME;ACCIÓN;3;
000197;RAMPAGE TOTAL DESTRUCTION;ROL;0;
000198;CRASH TWIN SANITY (VOCES EN ESP.);INFANTILES;12;
000199;GOD OF WAR;ACCIÓN;8;
000200;PRO EVOLUTION 4;CONDUCCIÓN;1;
000201;FIFA 2004;DEPORTIVO;1;
000202;HEROES JUSTICIA HEROES;ACCIÓN;6;
000203;ULTIMATE ALIANCE SPAIDERMAN 07;ACCIÓN;1;
000204;CORVETE  EVOLUTION GT;CONDUCCIÓN;9;
000205;EVOLUTION GT;ROL;7;
000206;TOBOKOT PLUS;ROL;3;
000207;DDRMAX 2;ROL;4;
000208;METAL SLUG COLECCIÓN;ARCADE;5;
000209;DESTROY ALL HUMANS! 2;ACCIÓN;4;
000210;ROQUE TROOPER;ACCIÓN;6;
000211;BALTETATION DRAGON BALL NARUTO;ARCADE;7;
000212;SWORS OF DESTYMI;ACCIÓN;9;
000213;EUREKA SEVEN THE NEW WAVE;ROL;3;
000214;DIE HARD TRILOGY;ACCIÓN;6;
000215;VEGETALES LARRY BOY AND THE BAD APPLE;INFANTILES;4;
000216;BIONICLE HEROES;ACCIÓN;9;
000217;STAR WARS 2  LEGOS;INFANTILES;2;
000218;FAMILY GUY PADRE;ACCIÓN;6;
000219;TONY HAWK´S PROYECT PATINE;CONDUCCIÓN;5;
000220;THE SOPRANOS ROAD TO RESPECT;ACCIÓN;4;
000221;TIME CRISIS 3;ROL;10;
000222;THE SIMSOMPS SKATEBOARDING;DEPORTIVO;7;
000223;LEGENDS OF WRESTING;ARCADE;0;
000224;RESIDENT EVIL 4;ACCIÓN;1;
000225;CRASH NITRO KART;CONDUCCIÓN;0;
000226;CALL OF DUTY 3;ACCIÓN;8;
000227;FINAL FANTASY XII (ESP.);ROL;5;
000228;GRAND THEFT AUTO III (GTA 3 ESPAÑOL);ACCIÓN;12;
000229;DRAGON BALL Z BUDOKAI 3;ARCADE;12;
000230;MEGAMAN X8;PLATAFORMAS;3;
000231;LOS INCREIBLES;INFANTILES;1;
000232;STREET FIGTHER ZERO 2006;ARCADE;4;
000233;GHOST RIDER;ACCIÓN;9;
000234;SKI ALPIN RACING;DEPORTIVO;7;
000235;ARTHUR;ACCIÓN;3;
000236;MADEMAN;ACCIÓN;4;
000237;NFL STREET 3;DEPORTIVO;12;
000238;GOD OF WAR 2;ACCIÓN;3;
000239;PSI OPS;ACCIÓN;7;
000240;DEVIL MAY CRY 2 DISC 1;ACCIÓN;12;
000241;DEVIL MAY CRY 2 DISC 2;ACCIÓN;13;
000242;DAKAR 2;CONDUCCIÓN;3;
000243;MERCENARIOS;ACCIÓN;8;
000244;25 TO LIFE;ACCIÓN;8;
000245;ATV 4;CONDUCCIÓN;6;
000246;FUTBOL BOLIVIANO;DEPORTIVO;0;
000247;PIRATAS DEL CARIBE;ACCIÓN;7;
000248;FORMULA UNO 2006;CONDUCCIÓN;6;
000249;BOB SPONJA CREATURE KRUSTI KRAB;INFANTILES;6;
000250;SOUL CALIBUR 3;ACCIÓN;11;
000251;GUITAR HERO 2;ARCADE;16;
000252;HAPPY FEET;INFANTILES;16;
000253;HUMMER;CONDUCCIÓN;11;
000254;GOLDEN EYE ROGUE AGENTE;ROL;5;
000255;WININNG ELEVENG 11 ESPAÑOL ;DEPORTIVO;0;
000256;LAST BLADE I Y II;ROL;3;
000257;BOURNOUT DOMINATOR;CONDUCCIÓN;11;
000258;HACK G,U REBURTH VOL 1;ROL;2;
000259;COLEGAS EN EL BOSQUE OPEN SEASON;INFANTILES;3;
000260;BLOODY ROAD 4;ACCIÓN;7;
000261;THE AVENTURE BILLY MANDY;INFANTILES;1;
000262;B BOY;ROL;7;
000263;BATTLE FIELD 2;ACCIÓN;4;
000264;CAPCOM CLASISC COLECTION VOL 2;ARCADE;1;
000265;CHAOS LEGION;ACCIÓN;3;
000266;CN RACING NETWORK;CONDUCCIÓN;2;
000267;SHADOW HEARTS 2 AVENTURA;ACCIÓN;13;
000268;NBA 2K7;DEPORTIVO;0;
000269;MERCURY MELTDOWN;ROL;4;
000270;GARFIELD;INFANTILES;5;
000271;RAYMAN RAVING RABBIDS (ESP.);INFANTILES;19;
000272;K-1 WOLRD GRAND PRIX;ARCADE;2;
000273;RULE OF ROSE;ACCIÓN;11;
000274;TIGUER WOODS PGD TOUR 07;DEPORTIVO;0;
000275;TOM RAIDER THE ANGEL OF DARK NESS;ACCIÓN;0;
000276;ZATCHABELL MAMODO FURY;ROL;6;
000277;ACE COMBAT ZERO THE BELKAN WAR (ESP.);SIMULADOR;1;
000278;AREA 51 (V. EN ESP.);ACCIÓN;6;
000279;SYPHON FILTER THE OMEGA;ACCIÓN;2;
000280;REALM OF THE DEAD;ROL;4;
000281;LA ERA DEL HIELO EL DESHIELO 2 (ICE AGE 2 VOCES EN ESP.);INFANTILES;3;
000282;WORLD SERIES POKER;ROL;5;
000283;XENOSAGA EPISODE 2;ROL;2;
000284;VALKIRIE PROFILE 2;ROL;6;
000285;GRE HASTINGS TOURNAMENT PAINTBALL;ROL;3;
000286;SPONGEBOB SQUAREPANTS;INFANTILES;3;
000287;SHINOBIDO;ROL;8;
000288;NEO CONTRA;ARCADE;8;
000289;CAPITAN TSUBASA;DEPORTIVO;8;
000290;BARBIE 12  DANCING PRINCES;INFANTILES;7;
000291;BARNYARD;INFANTILES;5;
000292;SHOWDWN;ROL;7;
000293;THE SWORD OF ETHERIA;ROL;9;
000294;RESIDENT EVIL CODE VERONICA;ACCIÓN;4;
000295;BLOOD WILL TELL TEZUKA SAMU DORORO;ROL;8;
000296;SHELLSHOCK NAM 67;ACCIÓN;2;
000297;KING OF FIGTHERS 3D;ARCADE;4;
000298;YU GI OH DUELING;ACCIÓN;0;
000299;GOD HAND;ARCADE;5;
000300;WININNG ELEVENG 10 BRAZUKA ESPAÑOL ;DEPORTIVO;2;
000301;SUPER BIKES;CONDUCCIÓN;6;
000302;ERAGON;ACCIÓN;3;
000303;PANZER FRONT;ACCIÓN;6;
000304;CABELAS AFRICAN SAFARI;ACCIÓN;4;
000305;SAMURAI X;ROL;1;
000306;RESIDENT EVIL OUTBREAK FILE 1;ACCIÓN;7;
000307;SINSEIKI GPX FORMULA ROAD TO THE INFINITY 3;ROL;7;
000308;FATAL FRAME 3;ROL;4;
000309;DEVIL SUMMONER;ROL;7;
000310;GUILTY GEAR XX;ROL;10;
000311;PIRATES LEGEND OF THE BLACK BUCANNER;ACCIÓN;6;
000312;THE ANTRY BULLY;INFANTILES;5;
000313;TURTLES 3 TORTUGAS;INFANTILES;4;
000314;CORVETE EVOLUTION;DEPORTIVO;5;
000315;ARMORED CORE LASR RAVEN;ROL;6;
000316;FUTURAMA;INFANTILES;3;
000317;STREET FIGTHER ALPHA ANTOLOGY;ARCADE;12;
000318;AEONFLUX EL FUTURO ES FLUX;ROL;0;
000319;GARFIELD 2;INFANTILES;4;
000320;TARZAN FRERIDE;INFANTILES;11;
000321;SEGA GENESIS COLLECTION;ARCADE;0;
000322;JAK X COMBAT RACING;PLATAFORMAS;1;
000323;PRO BMX 2 VICICLETAS;CONDUCCIÓN;4;
000324;KAIDO RACER AUTOS;CONDUCCIÓN;2;
000325;APERTURA 2007 LIBERTADORES;DEPORTIVO;0;
000326;DOWN HILL DOMINATION;CONDUCCIÓN;6;
000327;WINININ ELEVENG PES 2007;DEPORTIVO;0;
000328;TMNT;ACCIÓN;9;
000329;SPIDER MAN 3;ACCIÓN;0;
000330;AMERICAN SHOPPER 2 ;CONDUCCIÓN;5;
000331;METAL SLUG ANTOLOGY;ARCADE;1;
000332;GHOST RECON 2 ;ACCIÓN;5;
000333;PIRATAS DEL CARIBE EN EL FIN DEL MUNDO;ACCIÓN;10;
000334;VICE CITY GTA 1;ACCIÓN;3;
000335;VICE CITY STORIES GTA 4;ACCIÓN;8;
000336;MOTO GP 4;CONDUCCIÓN;2;
000337;TRUE CRIME NEY YOUR CITY;ACCIÓN;9;
000338;MEDAL OF HONOR VANGUARD;ACCIÓN;3;
000339;THE SIMSOMPS HIT RUN;ACCIÓN;4;
000340;TRANSFORMES;ACCIÓN;1;
000341;FANTASTIV 4 2;ACCIÓN;5;
000342;SHREK THE TRIRD 3;INFANTILES;8;
000343;HARRY PHOTER THE ORDER FENIX;ACCIÓN;4;
000344;CHAMPION LIAGUE 2007;DEPORTIVO;0;
000345;SHADOW HEGHE SONIC;ROL;8;
000346;TONY HAWS DOWNHILL;CONDUCCIÓN;6;
000347;W E COPA AMERICA 07 ;DEPORTIVO;7;
000348;TOM RAIDER ANIVERSARY;ACCIÓN;10;
000349;PAC MAN RALLY;CONDUCCIÓN;16;
000350;BRAVE;ROL;8;
000351;HAUNTING GROUND;ROL;8;
000352;WRC WORLD RALLY 04;CONDUCCIÓN;6;
000353;TRANSFORMES UNO;ACCIÓN;5;
000354;CASTELVNIA LAMENT 2;ROL;10;
000355;FUGITIVE HUNTER;ACCIÓN;10;
000356;TOTAL OVERDOSE;ACCIÓN;13;
000357;ECHO NIGHT ;ROL;4;
000358;SHAOW    OF ROME;ACCIÓN;4;
000359;EXTERMINATION;ACCIÓN;3;
000360;NINJA ASSAULT;ROL;8;
000361;SEGA CLASIC COLECTION;ARCADE;7;
000362;VIRTUAL TENIS 2;DEPORTIVO;8;
000363;EVIL PROPHECY MC FARLANES;ROL;3;
000364;NEO GEO BALTE;ARCADE;2;
000365;ace combat 5  the unsun war;SIMULADOR;4;
000366;NASCAR 2008;CONDUCCIÓN;0;
000367;TEST DRIVE;CONDUCCIÓN;5;
000368;big mutha trukers 2;CONDUCCIÓN;7;
000369;mage griffin bountyunter;ACCIÓN;4;
000370;bards tale;ROL;10;
000371;fire figter df;ACCIÓN;0;
000372;backyard westling;ARCADE;7;
000373;the x file resist or serve;ACCIÓN;4;
000374;the shield;ACCIÓN;3;
000375;rayman 3 holdlun havoc;INFANTILES;8;
000376;crouchin tiger hidden dragon;ROL;9;
000377;Goblin commander;ROL;9;
000378;time splinters ;ACCIÓN;0;
000379;full spectrum warrio ten hammers;ACCIÓN;1;
000380;wild arms 3;ROL;2;
000381;the great escape;ACCIÓN;0;
000382;FRIENDS;ESTRATEGIA;4;
000383;THE KING OF FIGHTERS 2006;ARCADE;3;
000384;head coach;DEPORTIVO;2;
000385;SUPER BIKES;CONDUCCIÓN;6;
000386;digital devil saga;ROL;10;
000387;ruff triguer;ROL;0;
000388;maden nfl 2007;DEPORTIVO;7;
000389;spyro;PLATAFORMAS;5;
000390;nba ballers phenom;DEPORTIVO;0;
000391;arena fooball;DEPORTIVO;7;
000392;raiden 2;ROL;0;
000393;callop racer 2006;DEPORTIVO;4;
000394;pirates legen of the black bucaneer;ACCIÓN;2;
000395;virtua pro fooball;DEPORTIVO;6;
000396;bad boys 2;ACCIÓN;3;
000397;tokyo xtreme racer drift 2;CONDUCCIÓN;6;
000398;tokyo xtreme racer drift 3;CONDUCCIÓN;13;
000399;dance dance revolution supermnova;SIMULADOR;8;
000400;neopes the darkest faerie;INFANTILES;10;
000401;your self;DEPORTIVO;14;
000402;tourist trophy;CONDUCCIÓN;0;
000403;well of fortune;PLATAFORMAS;2;
000404;manhunt;ACCIÓN;8;
000405;RIDE OR DIE 187;ACCIÓN;4;
000406;HOT WHEELS VELOCITY X;CONDUCCIÓN;4;
000407;WINNING ELEVENG 12;DEPORTIVO;3;
000408;LEGACY OF KAIN (ESP.);ACCIÓN;15;
000409;URBAN REING;ARCADE;7;
000410;NARUTO 2 ;ARCADE;4;
000411;MARVEL NEMESIS;ARCADE;4;
000412;METAL ARMS;ARCADE;10;
000413;ACE COMBAT 4;SIMULADOR;4;
000414;THE HOBBY ESDLA;ACCIÓN;12;
000415;RATATUILE;INFANTILES;3;
000416;ROBINSONS MEET THE ;INFANTILES;3;
000417;FATAL FRAME 2 CRIMON;ROL;9;
000418;SMACK DOWN HERE COMES THE PAIN;ARCADE;4;
000419;NEED FOR SPEED HOT PURSUIT 2;CONDUCCIÓN;4;
000420;STREET FIGHTERS 3 3STRIKE;ARCADE;14;
000421;CRUSTY DEMONS;CONDUCCIÓN;6;
000422;ARMY MEN RTS;ARCADE;4;
000423;SHREK SUPER SLAM;INFANTILES;7;
000424;NARUTO UZUMAKI CHRONICLES;ACCIÓN;3;
000425;PIMP MY RIDE;ESTRATEGIA;5;
000426;NEO GEO BATTLE ARCHIVES FATAL FURY COLLECTION;ARCADE;1;
000427;WARSHIP GUNNER 2 BARCOS;PLATAFORMAS;4;
000428;SNOW CROSS 2 HIELO ;CONDUCCIÓN;7;
000429;GETTING UP RAPEROS;ACCIÓN;6;
000430;WINNIE THE POOH FIESTA DE CUMPLEAÑOS;INFANTILES;5;
000431;TAITO LEGENDS 2 (ESPAÑOL);ARCADE;5;
000432;THE SIMPSONS HIT RUN DVD;ACCIÓN;9;
000433;DEATH BY DEGREES;ROL;8;
000434;YU GI OH! KAPSELMONSTER KOLOSSEUM;ESTRATEGIA;6;
000435;MONSTER HOUSE AVENTURA ;ROL;5;
000436;PRINCE OF PERCIA LAS ARENAS DEL TIEMPO 1;ACCIÓN;3;
000437;PRINCE PERCIA ALMA DEL GUERRERO WARRION WITHIN;;4;
000438;URBAN FRESTYLE SOCCER CALLEJERO;DEPORTIVO;3;
000439;WORMS 4 MAYEN GUSANOS;ESTRATEGIA;4;
000440;DRAGON BALL Z TENKAICHI 3 VERSION JAPONES;ARCADE;7;
000441;WININNG ELEVENG 13 BRAZILIAN;DEPORTIVO;0;
000442;CRASH NITRO KART EN DVD;CONDUCCIÓN;9;
000443;THE KING OF FIGHTERS COLLECTION 06;ARCADE;4;
000444;GUITAR HERO ENCORE ROCK 80;ARCADE;3;
000445;GUN (ESP.);ACCIÓN;8;
000446;CRASH BANDICOT WRATH COATCH;INFANTILES;19;
000447;RUGBY 08 ;DEPORTIVO;10;
000448;PRO EVOLUTION SOCCER 2008;DEPORTIVO;1;
000449;METAL GEAR 3 SUBTANCE 2 DVDS 1/2 ESP.;ESTRATEGIA;5;
000450;METAL GEAR 3 SUBTANCE 2 DVDS 2/2;ESTRATEGIA;8;
000451;FIFA 2008 ;DEPORTIVO;0;
000452;DARKSTALKERS CRHONICLE;ROL;7;
000453;MARIO COLLECION;ARCADE;6;
000454;CRASH N BURN;CONDUCCIÓN;7;
000455;RESIDENT EVIL OUTBREAK FILE 2 (ESP.);ARCADE;2;
000456;CALL OF DUTY FINEST HOUR;ACCIÓN;5;
000457;HOT SHOTS TENIS;DEPORTIVO;11;
000458;TWISTED METAL BLACK;ARCADE;12;
000459;CRASH OF THE TITANS;INFANTILES;8;
000460;SYPHON FILTER DSARK MIRROR;ACCIÓN;8;
000461;DIGIMON WORLD 07;ROL;3;
000462;NARUTO UZUMAKI CHRONICLES 2 (ESPAÑOL);ACCIÓN;4;
000463;MANHUNT 2;ACCIÓN;6;
000464;NHL 2 K8;DEPORTIVO;1;
000465;STUNTMAN;CONDUCCIÓN;13;
000466;LOONEY TUNES 07;INFANTILES;6;
000467;JUICED 2;CONDUCCIÓN;3;
000468;KIN OF FIGTHER 3 LUCHADORES 00;ARCADE;6;
000469;SMACK DOW 2008 INGLES;ARCADE;6;
000470;SCOBY DOO ;INFANTILES;7;
000471;BLEACH;ROL;2;
000472;OBSCURE 2;ACCIÓN;5;
000473;NCA 08;DEPORTIVO;6;
000474;BRATS;ROL;4;
000475;SPIDERMAN FRIENDS;ACCIÓN;1;
000476;ROBOTHECH;ROL;6;
000477;FUTBOL LEGO SOCCER;DEPORTIVO;11;
000478;THE CODE DAVINCE;ACCIÓN;5;
000479;THE SIMS OUT;ESTRATEGIA;4;
000480;RATONPOLIS;INFANTILES;9;
000481;CLOCK TOWER 3R;ROL;10;
000482;HOT WHEELS 2;CONDUCCIÓN;2;
000483;BAZAN 2;ROL;8;
000484;THE SIMPSON ROAD;ACCIÓN;3;
000485;GOD OF WAR 2 ESPAÑOL;ACCIÓN;15;
000486;GOD OF WAR ESPAÑOL;ACCIÓN;11;
000487;SAMURAI  ESTER;ROL;4;
000488;THE BIGS;DEPORTIVO;14;
000489;EUREKA EPISODE 1;ROL;7;
000490;CABELAS TROOPY;ACCIÓN;9;
000491;TUROK EVOLUTION;ACCIÓN;7;
000492;PARAPA;PUZZLE;6;
000493;NASCAR 2005;CONDUCCIÓN;3;
000494;DRAGON BALL Z TENKAICHI 3 EN ESPAÑOL;ARCADE;4;
000495;MOTO GP 2007;CONDUCCIÓN;5;
000496;NFS PRO STREET;CONDUCCIÓN;2;
000497;CARS MATERNATIONAL;CONDUCCIÓN;5;
000498;THE SIMPSON THE MOVIE;ACCIÓN;2;
000499;POWER RANGERS SUPER LEGENDS;INFANTILES;3;
000500;GUITAR HERO 3;ARCADE;7;
000501;GUITAR HERO 1;ARCADE;1;
000502;JACKASS THE GAME;ACCIÓN;16;
000503;MEDAL OF HONOR RISING SUN (VOCES EN ESP.);ACCIÓN;4;
000504;NARUTO SHAPPUDER ACC2;ACCIÓN;5;
000505;RURON KENSHIN ENJOO RYO;ACCIÓN;8;
000506;THE SIMPSON THE GAME ESPAÑOL;ACCIÓN;5;
000507;VICE CITY STORIES GTA 4 EN ESPAÑOL;ACCIÓN;11;
000508;SMACK DOW VS RAW 2008;ARCADE;8;
000509;CRAHS LUCHA DE TITANES ESPAÑOL;INFANTILES;8;
000510;TAITO MEMORIES 2 GEKAN;ROL;6;
000511;ATELIER IRIS 3;ACCIÓN;3;
000512;ROAD TO THE INFINITY 3;ROL;3;
000513;SLY RACCOON;ACCIÓN;10;
000514;DT RACER ;CONDUCCIÓN;7;
000515;DAWN OF MANIA;ACCIÓN;6;
000516;METAL SAGA;ARCADE;8;
000517;MAI KINOTO HIME;ROL;6;
000518;CSI CRIME SCENE INVESTIGATION ;ACCIÓN;4;
000519;BACKYARD SPORTS;DEPORTIVO;7;
000520;OPERATION AIR ASAULT;ACCIÓN;6;
000521;DRAGON BALL Z PLUS;ARCADE;13;
000522;STAR TRECK CONQUEST;ARCADE;6;
000523;INTO THE GROOVE;ROL;5;
000524;MAXIMO VS ARMY OF ZIN ;ACCIÓN;5;
000525;COLOSSEUM ROAD TO FREEDOM;ACCIÓN;4;
000526;THE KING OF FIGTHERS 10 EN 1 ;ARCADE;7;
000527;WARRIORS OROCHI;ACCIÓN;5;
000528;COCOTO RACERS;CONDUCCIÓN;9;
000529;BATMAN RISE OF TZU;INFANTILES;4;
000530;MONSTER JAM;CONDUCCIÓN;8;
000531;MONSTER HUNTER;ACCIÓN;7;
000532;RALLY FUSION;CONDUCCIÓN;14;
000533;MX VS ATV UNTAMED;CONDUCCIÓN;10;
000534;HUGO BUKKAZOOM;INFANTILES;4;
000535;HUGO CANNON CRUISE;INFANTILES;8;
000536;ALVIN AND THE CHIPMUNK;INFANTILES;2;
000537;TEST DRIVE EVE OF DESTRUCTION;CONDUCCIÓN;3;
000538;KINGS FIELD THE ANCIENT CITY;ACCIÓN;2;
000539;HAWK KAWASAKI RACING;CONDUCCIÓN;5;
000540;AIRBLADE;DEPORTIVO;9;
000541;GALACTIG WRESTLING ULTIMATE MUSCLE;ARCADE;9;
000542;FR FIRE PRO WRESTLING RETURNS;ARCADE;5;
000543;RUGRATS RESCATE REAL;INFANTILES;12;
000544;MASTERS OF THE UNIVERSE HE MAN;ACCIÓN;4;
000545;THIGUER MAN;ACCIÓN;1;
000546;KING ARTHUR;ACCIÓN;6;
000547;GUN CLUB;ACCIÓN;6;
000548;NBA 008 THE LIFE V 3;DEPORTIVO;0;
000549;MAFIA;ACCIÓN;10;
000550;CHAMPIONS NORRATH;ACCIÓN;7;
000551;ASTERIX Y OBELIX KICK BUTTIX;INFANTILES;9;
000552;SSX3 SURF HIELO;DEPORTIVO;6;
000553;RED FACTION 2;ACCIÓN;7;
000554;BATTLESTAR GALACTICA;SIMULADOR;7;
000555;BIKE STREET VERT DIRT;DEPORTIVO;6;
000556;SKY ODYSSEY;SIMULADOR;5;
000557;DEMON CHAOS;ACCIÓN;7;
000558;MOUNTAIN BIKE ADRENALINE;CONDUCCIÓN;7;
000559;FROGGER ANCIENT SHADOW;INFANTILES;6;
000560;BEE MOVIE GAME;INFANTILES;4;
000561;FOR VS CHEVY;CONDUCCIÓN;5;
000562;GODZILLA UNLEASHED;ACCIÓN;2;
000563;HUGO AGENT ROBORUMBLE;INFANTILES;5;
000564;SPONGEBOB ATLANTIS SQUAREPANTS;INFANTILES;4;
000565;BEYOND GOOD Y EVIL;ACCIÓN;9;
000566;PHANTASY STAR UNIVERSE;ACCIÓN;8;
000567;PUMP IT UP EXEED;ROL;7;
000568;STAR WARS LEGO;INFANTILES;11;
000569;THE GOLDEN COMPASS;ACCIÓN;9;
000570;TAZ WANTED;INFANTILES;11;
000571;THE HUSTLE DETROIT STREETS;ROL;9;
000572;HSX HYPERSONIC XTREME;SIMULADOR;2;
000573;BROTHERS IN ARMS ROAD TO HILL 30;ACCIÓN;2;
000574;BROTHERS IN ARMS EARNED IN BLOOD;ACCIÓN;3;
000575;CRUSH HOUR;CONDUCCIÓN;9;
000576;RYGAR THE LEGENDARY ADVENTURE;ACCIÓN;4;
000577;HITMAN 2 SILENT ASSAING;ACCIÓN;3;
000578;RAPAPPATHERAPPER 2;INFANTILES;3;
000579;SILENT HILL 2 ESP.;ACCIÓN;7;
000580;SONIC HEROES;INFANTILES;0;
000581;TONY HAWS PROVING GROUND;DEPORTIVO;3;
000582;STAR WARS SUPER BOBAD RACING;INFANTILES;6;
000583;ASSAULT SUITS CALKEN ;INFANTILES;4;
000584;WRESTLING KINDOW;ARCADE;4;
000585;THE RED STAR;ACCIÓN;4;
000586;PADRINOS MAGICOS SHADOW SHOWW;INFANTILES;4;
000587;ROMANCE XI;ACCIÓN;5;
000588;TOCA RACE DRIVER 3;CONDUCCIÓN;6;
000589;SONIC RIDERS ZERO GRAVITY;INFANTILES;7;
000590;SILENT HILL 4 THE ROOM;ACCIÓN;6;
000591;RED DEAD;;4;
000592;RICHARD BURNS;;5;
000593;COLIN MCRE 04;;3;
000594;MATRIX PAT OF NEO;;1;
000595;GREAT BATLES ROME;;10;
000596;WINNING ELEVENG 2008 INGLES;;6;
000597;WINNING ELEVENG 13 ESPAÑOL;;2;
000598;WINNING ELEENG APERTURA 2007 ARG. FOX SPORT;;1;
000599;ALIEN VS PREDADOR ;;0;
000600;CHARLY Y LA FABRICA DEL CHOCOLATE;;10;
000601;MX UNLASHED;;10;
000602;HULK;;0;
000603;SAMURAI SHAMPOLO;;4;
000604;YU GI OH! GX;;3;
000605;NOBUNAGAS AMBITIONS;;3;
000606;MOTOTRAX;;4;
000607;AUTO MODELISTA;;6;
000608;BRUNSWICK;;3;
000609;PUZLE QUEST;;2;
000610;SILEN HILL ORIGENS;;1;
000611;SPIDERWICK CHRONICLES;;0;
000612;OUTAW VOLLEBALL;;4;
000613;THE GETAWAY ESP;;11;
000614;BOB SPONJA FONDO BIKYNI;;4;
000615;COMFLICT GLOBAL TERROR;;4;
000616;WIPEOUT FUSION;;10;
000617;WAKKY RACES;CONDUCCIÓN;8;
000618;CALL OF DUTY 2;AVENTURA;5;
000619;THE SPIDERWIHS;AVENTURA;0;
000620;FIST OR TWIST;AVENTURA;4;
000621;SMACK -TENIS;DEPORTIVO;9;
000622;KNIGTH TEMPLE 3;AVENTURA;7;
000623;NICKTOONS ATTACK OF THE TOYBOTS (ESP.);AVENTURA;7;
000624;JUMPER;AVENTURA;3;
000625;BEN 10 PROTECTOR;AVENTURA;6;
000626;ONE PIECE GRAND;;6;
000627;SPLASH DOWN;;8;
000628;THE MUMMY;;5;
000629;TORRENTE 3 EL PROTECTOR;;5;
000630;HITMAN BLOOD MONEY ESP.;;4;
000631;DISNEY PRINCESS;;8;
000632;PETS HORSEZ 2;AVENTURA;3;
000633;RAIDEN 3;;4;
000634;PROJECT SNOWBLIND;;5;
000635;COOL FEAR;;5;
000636;CABELAS TROOPY BUCKS;;2;
000637;METROPOLISMANIA 2;;2;
000638;KIN POSSIBLE;;6;
000639;SUZUKI SUPER BIKES 2;CONDUCCIÓN;5;
000640;LA CASA DE LOS SUSTOS;;7;
000641;EL SEÑOS DE LOS ANILLOS LA TERCERA EDAD;;4;
000642;SUPERMAN SHADOW OF APOKOLIPS;;10;
000643;NCAA 08 FOOTBALL;;2;
000644;STREET FIGTHER 2 COLLEC. ANIVERSARY;;2;
000645;AVATAR;;7;
000646;JAK AND DAXTER;;0;
000647;METAL GEAR SOLID 2 SUBTANCE;;5;
000648;QUAKE 3 TEAM ARENA;;0;
000649;DONKEY XOTE;;7;
000650;MASHED;N;5;
000651;KID MUSCULO;;5;
000652;BLOOD OMEN 2;;5;
000653;BIKER MICE MARS;;6;
000654;NARUTO 4;;5;
000655;ED. EDD N EDDY THE MIS EDVENTURES;;9;
000656;UFC THRIWDOWN;;1;
000657;NHL 08;;3;
000658;BRITNEY.S;;5;
000659;PACIFIC WARRIORS 2;;8;
000660;MYTH MARKERS SUPER KART GP;;8;
000661;DRIVER 3;;5;
000662;GRAND TURISMO 3;;8;
000663;RESIDENT EVIL DEAD AIM;;1;
000664;CHARLOTTES WED;;4;
000665;GHOST RECON JUNGLE STORM;;10;
000666;UNDERWORLD  THE ENERNAL WAR;;4;
000667;AIRBONE TROOPS COUNTDOWN TO D DAY;;6;
000668;FINAL ARMADA;;4;
000669;SPLINTER CELL PANDORA TOMORROW;;8;
000670;MIAMI VICE;;4;
000671;NEED FOR SPEED UNDERGROUND;;6;
000672;HARRY POTTER Y LA PIEDRA FILOSOFAL;;8;
000673;JAK X;;5;
000674;RATCHET GLADIADOR;;5;
000675;THE SCORPION KING;;4;
000676;SHELLSHOCK NAM 67 DVD;;5;
000677;HARRY POTTER Y CALIZ DEL FUEGO;;5;
000678;COLIN MCRE 03;;11;
000679;SPLINTER CELL CHAOS THEORY;;4;
000680;HARRY  POTTER Y EL PRISIONERO DE AZCABAN;;8;
000681;TIGER WOODS PGA TOUR 07;;0;
000682;HALF LIFE;;10;
000683;THE FLINTONES BEDROCK RACING;;5;
000684;BEAT DOWN PUÑOS DE VENGANZA;;4;
000685;STAR WARS THE CLONE WARS;;5;
000686;KILL SWITCH;;4;
000687;TENCHU FATAL SHADOWS (ESP.);;4;
000688;WINTER SPORTS THE ULTIMATE CHALLENGE;;4;
000689;FLOW URBAN DANCE UPRISING;;5;
000690;PAC MAN WORLD 2;;7;
000691;CONSTANTINE ;;8;
000692;AQUA TEEN HUNGER FORCE ZOMBIE;;10;
000693;POP CAP HITS! VOL 1 (BEJEWLED 2 Y ASTRO POP);;11;
000694;HIGH SCHOOL MUSICAL;;0;
000695;METROPOLISMANIA ;;4;
000696;RIDGE RACER V;;3;
000697;CHAMPIONS HORRATH;;9;
000698;DANCE DANCE REVOLUTION;;5;
000699;OBSCURE THE A ETERMATH;;7;
000700;NARUTO COLLECTION;;7;
000701;SONIC MEGA COLLECTION PLUS;;6;
000702;ESCAPE FROM MONKEY ISLAND;;4;
000703;FAHRENHENT;;7;
000704;YU YU HAKUSHO FOREVER;;5;
000705;FIRE HEROES;;3;
000706;COMMANDOS 2;;4;
000707;ZOIDS THE HIGH SPEED BATLE;;6;
000708;SWASHBUCKLERS;;5;
000709;THE HAUNTED MANSION;;11;
000710;HORSEZ EL VALLE DEL RANCHO;;7;
000711;POLICE CHASEDOWN;;3;
000712;ROBOCOP;;4;
000713;EOE EVE OF EXTINCION;;4;
000714;GNEO GEO BATTLECOLISUME;;5;
000715;ARCANA HEART;;3;
000716;P3F PERSONA 3 FES;;2;
000717;SKYGUNNER;;7;
000718;THE ITALIAN JOB;;3;
000719;7 WONDERS OF THE ANCIEND WORLD;;1;
000720;CONAN;;2;
000721;ROCK BAND;;3;
000722;GRAFFITI KINGDOM;;4;
000723;2 EN 1 (RESIDENT EVIL OUTBREAK - CRIMSON SEA 2);;7;
000724;IMNOCENT LIFE;;3;
000725;MANA KHEMIA;;2;
000726;SPRINT CARS 2;;2;
000727;PAC MAN WORLD RALLY;;8;
000728;MAXIMO ARMYOFZIN;;2;
000729;CAPCOM VS SNK 2;;6;
000730;4 EN 1 CONTRA GRANDIUS GAUNTLET;;9;
000731;THE RUMBLE FISH;;3;
000732;SHINOBI;;2;
000733;SUPER NINTENDO 2;;3;
000734;UNREAL TOURNAMENT ;;5;
000735;ARMY MEN SANGE´S WAR;;7;
000736;SPACE RACE;;5;
000737;EL SEÑOR DE LOS ANILLOS LA COMUNIDAD DEL ANILLO (VOCES EN ESPAÑOL);;3;
000738;RATCHET CLANK SIZE MATTERS;;3;
000739;ROBOTECH INVANCION;;15;
000740;DEVIL MAY CRY ;;3;
000741;ALIEND VS DEPREDADOR - ROBOTECH;;12;
000742;KND KIDS NEXT DOOR OPERATIOM ;;8;
000743;NICKELODEON EL TIGRE;;6;
000744;COCOTO FISHING MASTER;;3;
000745;NARUTO ULTIMATE NINJA 3;;2;
000746;GUITAR HERO 2 TRUE METAL EDITION;;3;
000747;GUITAR HERO 2 HACKEG VERSION;;7;
000748;GITARO MAN;;3;
000749;CHESS MASTER;;8;
000750;THE DOG ISLAND;;9;
000751;TONY HAWKS AMERICAN WASTELAND;;3;
000752;AVATAR THE BURNING EARTH;;6;
000753;TEEN TITANS;;4;
000754;ALONE IN THE DARK;;6;
000755;NBA STREET VOL 2;;7;
000756;AND 1 STREETBALL;;5;
000757;XMEN NEXT DIMENSION;;4;
000758;PATO DONALD CUAC ATTACK?;;6;
000759;SURF S UP;;4;
000760;FUTBOL BRAZILEÑÑO 2007 2008 MARTIS MORENO;;2;
000761;CRAZY TAXI;;6;
000762;SUPER TRUCKS RACING;;0;
000763;RESIDENT EVIL OUTBREAK FILE 2;;3;
000764;GUITAR HERO 2 SHORTYS CUSTOM SONG!!;5;13;
000765;MADDEN NFL 09 ;5;0;
000766;NCAA FOOVALLL 09;5;0;
000767;DEUX EX;5;9;
000768;RAYMAN M;5;10;
000769;SNOOPY THE RED BARON;5;5;
000770;GUITAR HERO 2 PRESS BUTTOM EILDLY;5;9;
000771;MORTAL KOMBAT ULTIMATE;5;6;
000772;SOLDIER OF FORTUNE GOLD EDITION;5;4;
000773;MLB POWER PROS;5;6;
000774;NBA BALLERS;5;5;
000775;ROBOTECH BATTLECRY;5;5;
000776;MAX PAYNE ;5;3;
000777;ESPN 2K5 NBA;5;3;
000778;JUICED  ;5;10;
000779;CYCLONE CIRCUS;5;8;
000780;ATARY ANTHOLOGY;5;7;
000781;NBA STREET V3;5;8;
000782;DINO STALKER;5;3;
000783;SUNSOFT COLLECTION;5;3;
000784;TWIN CALIBER;5;3;
000785;SARGES WAR ARMY MEN;;8;
000786;CASTELVANIA LAMENT OF INOCENCE;;8;
000787;SUMMER ATHETICS;;4;
000788;THE KING OF FIGHTERS 98 ULTIMATE MACH;;0;
000789;ALIEN VS DEPREDATOR EXTINCION DVD;;7;
000790;WOODY WOODPECKER EL PAJARO LOCO;;3;
000791;ARMY MEN AIR ATTACK 2;;3;
000792;CODE LYOKO QUEST FOR INFINITY;;7;
000793;ASTRO BOY;;5;
000794;REING OF FIRE;;7;
000795;SYBERIA;;8;
000796;GONDAM FEDERATION VS ZEON;;9;
000797;GLASS ROSE;;3;
000798;GUN GRAVE OVERDOSE;;2;
000799;ARMY MEN MAJOR MALFUNTION;;6;
000800;LEGEND OF SAYUKI;;6;
000801;THE GUY GAME;;4;
000802;MS SAGA A NEW DAWN;;7;
000803;INDIANA JONES Y LA TUMBA DEL EMPERADOR;;4;
000804;CURIOUS GEORGE;;10;
000805;TONY HAWK S PRO SKATER 4;;5;
000806;WORLD HEROES GORGEUS NEO GEO;;0;
000807;SCAR ALFA ROMEO;;7;
000808;CURSE THE EYE OF ISIS;;5;
000809;HACK PART 3 PUBREACK;;4;
000810;BLOODY ROAR 3;;4;
000811;PRYZM CHAPTER ONE THE DARK INICORN;;6;
000812;ULTIMATE MIND GAMES;;4;
000813;PAC-MAN FEVER;;6;
000814;ACTION MAN ATOM;;5;
000815;SNK VS ARCADE CLASSICS VOL 1;;11;
000816;NHL 2005 EA SPORTS;;1;
000817;SINGSTAR POP HITS;;7;
000818;FIGHTERS MEGAMIX;;4;
000819;WRC EXTREME 2 RALLY;;10;
000820;GRAND THEFT AUTO VI EDITADO;;9;
000821;CITTY SOCCER CHALLENGE;;5;
000822;NANOBREAKER;;5;
000823;SUPER 4 EN 1 CRASH VITUAL TENIS  VIRTUAL FIGHTERS;;7;
000824;CAPCOM FUGHTERS MEGA MIX;;4;
000825;ENTHUSIA PROFESSINAL RACING;;6;
000826;ONE PIECE  PIRATES CARNIVAL;;2;
000827;MORTAL KOMBAT DEADLY ALLIANCE;;8;
000828;WALL.E DYNEY PIXAR;;3;
000829;THE SIMSONS SKATEBOARDING PATINETA DVD;;6;
000830;THE KING OF FIGHTERS 2002;;4;
000831;DOCTOR WHO;;0;
000832;LEGO RACER 2;;5;
000833;LUXOR PHARAOHS CHALLEGE;;7;
000834;DYNASTY WARRIOR 5 EMPIRES;;8;
000835;LA LEYENDA DEL TIGRE Y DRAGON;;3;
000836;JURASSIC PARL OPERATION;;3;
000837;SUPER BIKE SBK 08;MOTOS;6;
000838;HARVEY VIRDMAN;;0;
000839;SEGA GENESIS EMLATOR ;PELEAS;0;
000840;ALIAS AKLAM ;;5;
000841;ULTRAMAN 2;;6;
000842;PRINCE PERSIA TRILOGY 1,2,3;;4;
000843;PIMBALL HALL OF FAME;;2;
000844;JACKIE CHAN ADVENTURES;;5;
000845;ALONE IN THE DARK 2;;8;
000846;BMX XXX;DEPORTES;10;
000847;KATAMARI;;0;
000848;SEGA SUPER STAR;TENIS;0;
000849;DEFENDER;AVIONES;9;
000850;MINITORY REPORT EVER;ACCION;2;
000851;PRO BEACH SOCCER;;3;
000852;BARROQUE;;2;
000853;LEGO INDIANA JONES;;14;
000854;IROMAN;;12;
000855;THE INCREIBLE HULK 2;;9;
000856;EURO 2008;;5;
000857;ROCK BAND ORIGINAL FUNCK 100%;;4;
000858;HD LOADER DVD;;0;
000859;MORTAL KOMBAT SO REAL IT HURTS;;13;
000860;TRIBES AERIAL ASSAILT;;0;
000861;CABELAS MONSTER BASS;;7;
000862;PETZ CATS 2;;3;
000863;CAPCOM CLASSIC COLLECTION VOL 1;;2;
000864;KAO ROUND 2 THE KANGAROO;;4;
000865;DRAKENGARD;;4;
000866;CRAZY FROG RACER 2;;6;
000867;AERO ELITE COMBAT ACADEMY;;1;
000868;THE MUMMY JOMDRAGON EMPEROR;;3;
000869;COLLECCION 6 EN  1 TONY HANS 3 RALLY FUSION BLADE 2 MEDAL OF HONOR VANGUAR MORTAL KPMBAR;;8;
000870;KUNG FU PANDA;;11;
000871;DRAGON BALL Z AF;;8;
000872;GRAND THEFT AUTO SAN ANDREAS 2 RIO DE JANEIRO;;14;
000873;NBA STREET VOL 2;;3;
000874;NASCAR 2009;;4;
000875;CONAN EL NIÑO DEL FUTURO;;4;
000876;NARUTO COLLECION;;0;
000877;DANCE DANCE REVOLUTION SUPER NOVA 2;MUSICA;7;
000878;FUN KART 2008 CRAZY CHICKEN;;3;
000879;FLUSHED AWAY AARDAMAM;;4;
000880;DKZ EDIT PES 2008;DEPORTES;2;
000881;LEGO BATMAN ;DEPORTES;0;
000882;NARINIA PRINCE CASPIAN;ACCION;8;
000883;STOCK CAR SPEEDWAY;CONDUCCIÓN;5;
000884;BATLE FOR PACIFIC HISTORY CHANEL;;9;
000885;GUITAR HERO AEROSMIT;;5;
000886;GUITAR HERO 2 MONTERS OF ROCK;;8;
000887;RACING ITALIANO;;0;
000888;SPACE CHIMPS;;5;
000889;DURO DE MATAR;;4;
000890;DRAGON BALL Z TENKAICHI 3 EN INGLES;PELEAS;6;
000891;STAR WAR  THE FORCE UNLEASHED PAL;;7;
000892;MERCENARIOS 2;;3;
000893;PRO EVOLUTION SOCCER 6 CLAUSURA 08 1A 1B ARGENTINA;;2;
000894;DIEGO GO GO SAFARY;;10;
000895;MEGAMAN COLLECION;;5;
000896;7 SINS;;4;
000897;THE TING;;5;
000898;LEGENDS MARADONA PELE;;8;
000899;THE SIMS CASTAWAY;;7;
000900;BLACK HAWK DOWN;;3;
000901;BLACK HAWK DOWN THEAM SABRE;;6;
000902;OUTLAW GOLF 2;;4;
000903;SENGOKU BASARA ;;0;
000904;WINING ELEVENG CLAUSURA 08 + OPTION FILE;;0;
000905;FIFA 09 NTSC;;2;
000906;CRASH MIND OVER MUTANT;;9;
000907;TNA IMPACT;;8;
000908;FIFA 09 PAL;;3;
000909;PRO EVOLUTION SOCCER 09;;0;
000910;STAR WARS UNLEASHED NTSC;;5;
000911;SMACK DOWN VS RAW 2009 ;;0;
000912;NEED FOR SPEED UNDERCOVER;;3;
000913;CALL OF DUTY WOLRD AND WAR;;2;
000914;SECRET SEVICE;;4;
000915;MADAGASCAR 2 REGRESO A AFRICA;;4;
000916;QUANTUM OF SOLACE 7 BOMY JON;;3;
000917;JIMMY NEUTRON ATTACK OF THE TWO KIES;INFANTILES;4;
000918;DISNEY GOLF GUFFY;;6;
000919;FLIPNIC ULTIMATE PIMBAL;;6;
000920;KILLER 7;;4;
000921;TAK GUARDIANS GROSS;;4;
000922;ZONE OF THE ENDERS THE 2DS RUNNER;;2;
000923;BAJA 1000;CONDUCCIÓN;5;
000924;BEACH BOLLEBALL ;;5;
000925;FALLOUT BROTHERHOOD OF STEEL;;1;
000926;GUITAR HERO 1 ROCK BAND 2   EDIT;;3;
000927;POP CAP HITS! VOL 2 (ZUMA, HEAVY WEAPON);;0;
000928;GUITAR HERO METALLICA;;4;
000929;SHADOW  MAN 2;;0;
000930;CATWO MAN;;0;
000931;WORLD POKER 2008;;5;
000932;GUITAR HERO IPOX 4;;3;
000933;SWAT SIEGE;;2;
000934;REBEL RAIDERS OPERATION NIGTH;;8;
000935;ROMANCING SAGA;;9;
000936;SCALER;;8;
000937;WOMEN S VOLLEBALL CHAMPIONCHIP;;5;
000938;DANCE DANCE REVOLUTION X;;5;
000939;NHL 2K9 SPORTS;;1;
000940;BULLY CANIS CANEN EDIT 2;;5;
000941;TIGER WOODS PGA TOUR 09;;0;
000942;LEGENDARY ADVENTURES;;6;
000943;CABELAS DANGERIOUS HUNTS 2009;;10;
000944;DRUAGA THE NIGHTMARE OF;;3;
000945;OF ROAD;;1;
000946;APPLESEED EX;;3;
000947;UNA SERIE DE CATASTROFES DESDICHAS DE LEMONY SNICKET;;2;
000948;SEA MONSTERS ;;4;
000949;FERRARRI CHALLENGE PIRELLI;;9;
000950;STELLA DEUS;;3;
000951;SPONGEBOD SQUARENPANTS GLOBS OF DOOM;;5;
000952;MAKEN SHAO DEMOS SWORD;;4;
000953;EL ESPANTATIBURONES;;8;
000954;DYNASTY WARRIOR 6;;5;
000955;LEGO ISLAND XTREME STUNTS;;8;
000956;ONIMUSHA BLADE WARRIOS;;7;
000957;KINETICA;;8;
000958;DARK GLOUD 2;;8;
000959;GUITAR GOD;;5;
000960;MORTAL KOMBAT ANTOLOGY;;4;
000961;HEROES OF MIGHT AND MAGIC;;9;
000962;CASPER SPIRIT DIMENSIONS;;10;
000963;MYSTIC HEROES 2;;2;
000964;STAR WARS BOUNTY HUNTER;;3;
000965;A.C.E.THE FINAL 3;;8;
000966;SINGSTAR BOY BANDS GIRL BANDS;;4;
000967;ANUBIS;;7;
000968;GLADIUS;;8;
000969;KESSEN 3;;9;
000970;SLAI PHANTON CRASH;;6;
000971;PANZER DRAGOON SEGA AGES 2500;;5;
000972;DUAL HEARTS;;8;
000973;MOTO GP 08;;5;
000974;GUITAR HERO HACKED X;;6;
000975;V RALLY 3;;5;
000976;DARK ALLIANCE 2;;6;
000977;XENOSAGA EPISODE 1;;2;
000978;HORS ADVENTURES BARBIE;;3;
000979;GHOST IN THE SHELL;;9;
000980;GROWLANSER GENERATIONS;;4;
000981;SMACH COURT TENNIS PRO TOURNAMET 2 DVD;;2;
000982;DEMONT STONE;;1;
000983;MEGAMAN X COMMAND MISSION;;8;
000984;ROCK BAND TRAC PACK VOLUMEN 1;;6;
000985;MEGAMAN POWER BATLE COLLECION;;7;
000986;NITRO BIKE;;5;
000987;HEROES PACIFIC;;7;
000988;TOMB RAIDER UNDERWORLD;;9;
000989;PRO EVOLUTION SOCCER08/09 + PLUS;;0;
000990;AVATAR INTO THE INFERNO;;7;
000991;GUITAR HERO ANIME;;0;
000992;HIGH SCHOOL MUSICAL 3;;12;
000993;GUITAR HERO WORLD TOUR;;4;
000994;GUITAR HERO IRON MAIDEN;;2;
000995;BRATZ GIRLZ ROCK;;5;
000996;DRAGON BALL Z WORLS INFINTE;;0;
000997;NBA INSIDE 09;;0;
000998;SPIDERMAN SAHDOW;;2;
000999;WINNING ELEVENG 15 PORTUGUES 09;;5;
001000;ROCK BAND VOL 2;;5;
001001;HOSNTER HEROES;;10;
001002;SONIC UNLEASHED;;0;
001003;NBA 2K9;;2;
001004;SUPER PICK UPS ;;4;
001005;DISNEY SING IT;;9;
001006;BACKYARD WRESTLNG 2;;3;
001007;DORA EXPLORER JOURNEY PUERPLE PLANET;;4;
001008;HARD KNOCK HIGH;;10;
001009;SPECIAL FORCES;;9;
001010;HASBRO FAMILY GAME NIGHT;;6;
001011;GUITAR HERO ANUBIS;;4;
001012;HIGT SCHOOL MUSICAL SING HIT;;2;
001013;NBA LIVE 09;;8;
001014;GUITAR HERO STARS OF ROCK;;7;
001015;GUITAR HERO BALADAS POP;;12;
001016;GUITAR HERO CID;;8;
001017;TOTALLY SPIES;;4;
001018;BATMAN VENGEANCE;;6;
001019;DR DOLITTLE;;9;
001020;DORA SAVES THE MERMAIDS ;;6;
001021;HELLO KITTY;;5;
001022;TOUR DE FRANCE;;19;
001023;DANCE REVOLUTION DISNEY CHANNEL EDITION;;10;
001024;GUITAR HERO NIRVANA;;6;
001025;SEGA TENNIS;;8;
001026;SINGSTAR BOYBANDS GIRLS BANDS;;2;
001027;SHAUN WHITE SNOWBOARDING;;6;
001028;INUYASHA FEUDAL COMBAT ;;7;
001029;CRAZY FROG RACER;;5;
001030;SINGSTAR POP ;;0;
001031;FLAT OUT;;6;
001032;P4 PERSONA 4;;4;
001033;KINGDOM HEARTS 3 RE CHAIN OF MEMORIES DISNEY;;9;
001034;CRAZY TAXI (ORIGINAL ESPAÑOL);;5;
001035;BOMBASTIC;;7;
001036;FAMILY FEUD;;9;
001037;SHREK SUPER PARTY;;14;
001038;GTC AFRICA;;4;
001039;WWII BATTLE OVER EUROPE;;3;
001040;DANCE DANCE REVOLUTION SUPERNOVA 2;;7;
001041;THE TALE OF DESPEREAUX;;12;
001042;HANNAH MONTANA SPOTLIGHT WORLD TOUR;;3;
001043;SPEED RACER;;5;
001044;XGRA EXTREME G RACING ASSOCIATION;;3;
001045;BARBIE THE ISLAND PRINCESS;;3;
001046;SINGSTAR 80;;7;
001047;MONOPOLY;;9;
001048;LOS MUNDOS DE CORALINE;;7;
001049;ARMY MEN SOLDIERS;;0;
001050;GRAND THEFT AUTO SAN ANDREAS 3 SANTIAGO;;4;
001051;BEN 10 ALIEN FORCE;;3;
001052;MR. BEAN;;9;
001053;ROCK BAND AC DC TRACK PACK;;3;
001054;GARFIELD LASAGNA WORLD TOUR;;5;
001055;DORA SAVES THE SNOW PRINCESS;;15;
001056;MIB MEN IN BLACK (VOCES EN ESPAÑOL);;9;
001057;HOKUTO NO KEN;;3;
001058;THE WATER HORSE LEGEND MI MONSTRUO ES UNA MASCOTA;;6;
001059;HITS VOL 2 POPCAP ;;4;
001060;VIP PAMELA ANDERSON;;9;
001061;DINOSAURS SHAPES Y COLORS;;5;
001062;MY HORSE Y ME 2;;11;
001063;SHREKS CARNIVAL CRAZE;;9;
001064;GUITAR HERO GOD 2,0;;9;
001065;WINNING ELEVEN 2009 PARCHE;;0;
001066;BOMBERMAN 3;;8;
001067;GUITAR HERO SEX Y DROGAS ROCK;;5;
001068;SQUAD;;3;
001069;VIEWTIFUL JOE ;;2;
001070;TRIVIAL PURSUIT;;9;
001071;VIEWTIFUL JOE 2;;4;
001072;INDIGO PROPHECY;;5;
001073;SAMURAI JACK THE SHADOW OF AKU;;3;
001074;BOLT;;4;
001075;WORMS 3D;;8;
001076;SPACE RAIDERS;;8;
001077;WINNING ELEVEN 17;;0;
001078;DRAGON BALL Z BUDOKAI TENKAICHI 2 VERSION LATINO;;5;
001079;SD GUNDAM FORCE SHOWDOWN;;8;
001080;GUITAR HERO SUICIDE;;7;
001081;GODAI ELEMENTAL FORCE;;2;
001082;JONNY MOSELEY MAD TRIX ;;2;
001083;MAXXED OUT RACING;;3;
001084;WWII SOLDIER;;5;
001085;ATV OFFROAD ALL TERRAIN VEHICLE;;8;
001086;MLB 09 THE SHOW;;4;
001087;ATV OFF ROAD FURY 3;;3;
001088;SHIJURO NO OKAMI;;1;
001089;AZUMI;;5;
001090;WILD WATER ADRENALINE SALOMON;;4;
001091;WWII TANK BATTLES ;;7;
001092;DRAGON BALL Z 2V;;7;
001093;RENOPLA COLECCIÓN;;3;
001094;JADE COCOON 2;;9;
001095;JET X 2 0;;3;
001096;GAUNTLET DARK LEGACY;;3;
001097;ARMY MEN GREEN ROGUE;;11;
001098;4 EN 1 MIAMI VICE PIRATES CARIBE 3 ZOMBIE;;8;
001099;MONSTERS VS. ALIENS;;3;
001100;FREEDOM FIGHTERS;;0;
001101;CAKE MANIA BAKER'S CHALLENGE;;5;
001102;SUPER ROBOT TAREN;;7;
001103;COPA SANTANDER LIBERTADORES WINNING ELEVEN;;5;
001104;SKYSCRAPER;;7;
001105;2K SPORTS MAJOR LEAGUE BASEBALL 2K9;;4;
001106;SING STAR POP HITS 40 PRINCIPALES;;2;
001107;FREE RUNNING;;3;
001108;THE NAKED BROTHERS BAND;;0;
001109;JAPA FIGHTERS 10 IN 1;;3;
001110;FUTBOL BRAZILERO RONALDO 09;;0;
001111;TONY HAWKS UNDERGROUND 2;;0;
001112;FIGHTERS MEGAMIX VOL.2;;5;
001113;GO DIEGO GO! THE GREAT DINOSAUR RESCUE;;4;
001114;SHADOW HEARTS FROM THE NEW WORLD;;3;
001115;ETERNAL POISON;;2;
001116;ARMY;;0;
001117;WINNING ELEVEN 14;;4;
001118;BEN 10 PROTECTOR;;1;
001119;WINNING ELEVEN +16;;8;
001120;RATCHET DEADLOCKED;;6;
001121;SHADOW OF ROME;;15;
001122;WINNING ELEVEN +17;;0;
001123;RATCHET DEADLOCKED;;0;
001124;SHADOW OF ROMA;;0;
001125;WINNING ELEVEN +18;;0;
001126;SCARLER;;1;
001127;CRASH COLECCIÓN 3 EN 1;;6;
001128;CHAMPIONSHIP PAINTBALL 2009;;13;
001129;TIME 6 EN1;;4;
001130;COLECCIÓN DE WORMS;;7;
001131;DDRMAX DANCE DANCE REVOLUTION ;;2;
001132;CAPCOM 4 EN 1;;3;
001133;GARO;;2;
001134;CY GIRLS 2;;4;
001135;BAD BOYS;;8;
001136;HEADHUNTER;;3;
001137;GSG9 ANTI-TERROR FORCE;;2;
001138;KING OF FIGHTERS  MAXIMUM IMPACT 1 ;;9;
001139;PIMP MY RIDE 2009;;9;
001140;TIME SPLITTERS 2;;5;
001141;WAR OF THE MONSTERS;;7;
001142;TRUE CRIME STREETS OF THE;;8;
001143;THE SNIPER 2;;5;
001144;RESIDENT EVIL 4 CHEATC EDITION;;2;
001145;PRO BULL RIDERS OUT OF THE CHUTE;;7;
001146;LEANDRO CBF X UEFA 2009;;8;
001147;CY GIRLS 1;;2;
001148;RONALDO BOMBA PATCH 5,0;;2;
001149;NARUTO ULTIMATE 4;;15;
001150;TORCIDAS FULURE 2009;;2;
001151;NIGHTSHADE;;8;
001152;SPY VS. SPY (ESPAÑOL);;3;
001153;MICHIGAN REPORT FRON HELL;;8;
001154;ROGUE OPS;;7;
001155;MOTO GP 2;;6;
001156;GTA. GRAND THEFT AUTO SONIC RINGS;;3;
001157;GTA. GRAND THEFT AUTO ARMANGEDDON;;2;
001158;WOLVERINES REVENGE;;5;
001159;JIMMY NEUTRON BOY GENIUS JET FUSION;;5;
001160;ADIBOO Y LOS LADRONES DE ENERGIA;;3;
001161;LEGION THE LEGEND OF EXCALIBUR;;6;
001162;VEX ;;7;
001163;X-MEN ORIGENES WOLVERINE;;16;
001164;DINOSAUR DISNEY;;8;
001165;INSPECTOR GADGET;;7;
001166;CONFLICT ZONE;;5;
001167;SHAUN PALMER'S PRO SNOWBOARDER;;8;
001168;DRIVEN;;5;
001169;KYA DARK LINEAGE;;8;
001170;WRECKLESS;;6;
001171;GUNDAM 2 DYNASTY WARRIORS;;2;
001172;SUMMONER;;8;
001173;RAYMAN REVOLUTION;;5;
001174;SCOOBY DOO! NIGHT OF 100 FRIGHTS;;5;
001175;ANTZ EXTREME RACING;;8;
001176;GRAND THEFT AUTO SAN ANDREAS PTMG EDITION;;0;
001177;FRANKLIN A BIRTHDAY SURPRISE;;9;
001178;TOP GUN;;13;
001179;MONSTER RANCHER 4;;8;
001180;MX RIDER;;9;
001181;DAEMON SUMMONER;;8;
001182;GUILTY GEAR XX PLUS CORE ;;9;
001183;DROPSHIP FUERZAS UNIDAS POR LA PAZ;;0;
001184;EIGHTEEN 18 WHEELER AMERICAN PRO TRUCKER;;2;
001185;ULTRAMAN FIGHTING EVOLUTION REBIRTH;;11;
001186;SINSEIKI GPX FORMULA ROAD TO THE INFINITY 4;;7;
001187;HUNTER THE RECKONIN WARYWARD;;6;
001188;BALLSTIC BEANS! TELLY BELLY;;4;
001189;NBA JAM;;7;
001190;EVERBLUE;;6;
001191;MUSICA MAKER ROCKSTAR 2009;;7;
001192;PRO EVOLUTION SOCCER 2009 MIX RIVALS 2009 ACTU 150%;;7;
001193;POPSTAR GUITAR;;15;
001194;ZOMBIE ATTACK;;4;
001195;BACKYARD BASEBALL 10;;5;
001196;SPACE REBELLION;;8;
001197;SMACK DDOWN VS RAW AND FRIENDS VS 100% LUCHA;;5;
001198;GRAND THEFT AUTO GOTHAM CITY;;5;
001199;GRAND THEFT AUTO MOD BIOHAZARD BLACK EDITION;;0;
001200;GRAND THEFT AUTO CIUDAD DE DIOS;;4;
001201;WINNING POST WORLD 2009;;8;
001202;GUITAR HERO METALLICA ORIGINAL;;4;
001203;WORLD RALLY ENVOLIVEND CHAMPIOM CHIP NTSC ;;20;
001204;SSX ON TOUR;;7;
001205;ARCANA HEART 2;;7;
001206;PADRINOS MAGICOS BREAKIN DA RULES;;6;
001207;DAKAR PARIS 1;;9;
001208;POOL PARADISE BILLAR;;7;
001209;THE KING OF FOGTHER 2002 UNLIMITED MATCH;;6;
001210;SKI AND SHOOT;;7;
001211;EVOLUTION SNOWBOARDING;;4;
001212;7 BLADES;;4;
001213;SHORT TRACK RACING TRADING PAINT;;2;
001214;DEVIL SUMMONER 2 RAIDOU;;8;
001215;SWEET DREAMS GAME;;10;
001216;US OPEN 02;;10;
001217;1945 1 Y 2 THE ARCADE GAMES;;7;
001218;BARBARIAN;;10;
001219;GUITAR HERO 3 MOST WANTED;;5;
001220;ZONE OF THE ENDERS;;13;
001221;NIGHTS INTO OF DREAMS;;8;
001222;GRAND THEFT AUTO SUPERMAN;;3;
001223;PNAZER ELITE ACTION FIELDS OF GLORY;;3;
001224;ROBOT ALCHEMIC DRIVE RAD;;7;
001225;PADDINGTON BEAR;;6;
001226;DR MUTO;;5;
001227;DICE DNA INTEGRATED;;5;
001228;SBK 09 SUPERBIKE WORLD;;5;
001229;HOMERUN  BASEBALL;;19;
001230;SOS THE FINAL ESCAPE;;8;
001231;WORLD DESTRUCION LEAGUE WARJETZ;;8;
001232;MONSTERS ING SKRAMMEOEN;;6;
001233;CRESCENT SUZUKI RACING;;4;
001234;ACTIVISION ANTHOLOGY;;5;
001235;LA SUMA DE TODOS LOS MIEDOS;;7;
001236;PHASE PARADOX;;7;
001237;GRAND THEFT AUTO 4 VEGETA;;7;
001238;GIANT ROBO;;8;
001239;WINNING ELEVEN 21;;9;
001240;URBAN EXTREME AUTOS;;5;
001241;CAPCOM FIGHTERS MIX  EN 1;;6;
001242;FALLING STARS;;5;
001243;GRAND THEFT AUTO 4 TROPA DE ELITE;;4;
001244;TOP MODEL GERMANY´S ;;11;
001245;GUITAR HERO ANIME 3 EVOLUCAO;;4;
001246;HANSEL Y GRETEL;;6;
001247;TAXI RIDER;;5;
001248;FRONT  MISSION 5;;8;
001249;GUITAR HERO LINKIN PARK;;16;
001250;TIGER WOODS PGA TOUR 10;;0;
001251;PRO EVOLUTION CLAUSURA PLUS 2009 + FILE;;6;
001252;GUITAR HERO 3 DCL VERSION;;13;
001253;GUITAR HERO CUSTOM EDITION VR.2;;4;
001254;GHOSTBUSTERS THE VIDEO GAME;;3;
001255;GUITAR GHERO SMASH HITS;;4;
001256;BUJIN GAI;;6;
001257;SINGSTAR SUMMER PARTY;;5;
001258;SINGSTAR AMPED;;19;
001259;SINGSTAR BEST OF DISNEY;;7;
001260;SINGSTAR LEGENDS;;10;
001261;HAVEN CALL OF THE KING;;13;
001262;LUCIFER´S CALL;;10;
001263;INDIANA JONES AND THE STAFF OF KINGS;;11;
001264;KUA DARK LINEAGE;;7;
001265;UP WALL DINEY;;8;
001266;HARRY POTTER AND HALF-BLOOD PRINCE;;9;
001267;TRANSFORMERS REVENGE OF THE FALLER ;;6;
001268;ICE AGE DAWN OF THE DINOSAURS  ;;4;
001269;GUITER HERO 2 ROCK CHILENO;;1;
001270;THE BATTLE OF YU YU HAKUSHO GHOST FILES 120/;;0;
001271;CABELAS DANGERIOUS HUNTS 2;;1;
001272;ROAD KILL;;0;
001273;NBA HOOPZ;;4;
001274;FIEVEL Y EL NUEVO MUNDO;;3;
001275;STEEL DRAGON EX;;6;
001276;QUE PASA ¡NENG! EL VIDEO JUEGO;;8;
001277;SURFFING AIR SHOW WITH RAT BOY;;3;
001278;INTERNATIONAL SUPER KARTS;;5;
001279;LARGO WINCH EMPIRE UNDER THREAT;;6;
001280;AZUR ASMAR;;15;
001281;EVANGELION;;17;
001282;LIGA BOLIVIANA PES 2009 ESPAÑOL MARTIS;;2;
001283;ARC THE LAD END OF DARNESS;;6;
001284;RACING BLADES;;6;
001285;MAZE ACTION;;6;
001286;BOMBA PATCH 5,3 JUNIO 09 WORLD SOCCER;;4;
001287;FULL METAL ALCHEMIST 3;;14;
001288;ETERNAL RING;;5;
001289;GHOSBUSTERS THE VIDEO GAME;;4;
001290;PORTAL RUNNER;;0;
001291;PACMAN POWER PACK -1-2- RALLY;;1;
001292;POKEMON;;2;
001293;FREESTYLE METAL X;;10;
001294;THE BIGS 2;;14;
001295;COLLOSSEUM ROAD TO FREEDOM REMIX;;11;
001296;NAMCO MUSEUM 50TH ANNIVERSARY;;1;
001297;TERMINATOR 3 RISE MACHINES;;18;
001298;ROCK BAND TRACK PACK CLASSIC ROCK;;9;
001299;7 EN 1 CONTRA -RAIDEN 3-ESPAGALUDA-GIGAWIN -GRANDIUS;;3;
001300;15 EN 1 SEGA AGES 2500 GOLDEN AXE SONIC;;7;
001301;GUITAR HERO ULTRA ROCK;;4;
001302;FINAL FIGHT CAPCOM;;4;
001303;PILOT DOWN BEHIND ENEMY LINE AVIONES;;5;
001304;MONSTER LAB;;3;
001305;THE KING OF FIGHTERS MAXIMUN X1;;1;
001306;G-FORCE DISNEY;;6;
001307;CID THE DUMMY;;3;
001308;MADDEN NFL 10;;4;
001309;G.I.JOE THE RISE OF COBRA;;9;
001310;NCAA FOOTBALL 10;;6;
001311;WINNING ELEVENG 2009 CLIB CHAMPIONSHIP;;4;
001312;ROCK BAND COUNTRY TRACK PACK;;12;
001313;ULTIMATE SNK FIGTING;;4;
001314;ULTIMATE CAPCOM FIGTING;;4;
001315;DDR FESTIVAL;;7;
001316;6 EN 1 ATARI TITO LEGENS CODE BREAKER NAMCO MUSEUM ANTOLOGY ACTIVICION;;4;
001317;DOOMSDAY RACERS;;6;
001318;WINNING ELEVENG 19 MIX PACCH;;7;
001319;MOTOR MAYHEM 2009;;5;
001320;WINNING ELEVENG 20 + PLUS;;4;
001321;TRUCK RACER;;7;
001322;SUPER NINTENDO 4;;11;
001323;GUITAR HERO 3 BRAZUCAS;;6;
001324;DANCE DANCE REVOLUTION SUPERNOVA 2 VERSION JAPONES;;6;
001325;PRO EVOLUTION SOCCER 09 CHESPIRITO;;0;
001326;SEGA RALLY CHAMPIONCHIP 1995;;3;
001327;PRO EVOLUTION SOCCER 09 SAMBA E BUTBOLWE BROTHERS;;5;
001328;ENERGY AIRFORCE;;4;
001329;ONEPIECE GRAND BATTLE!;;2;
001330;NASCAR DIRT TO DAYTONA;;8;
001331;KART RACER;;7;
001332;GIANTS CITIZEN KABUTO;;6;
001333;TIME CRISIS 2;;9;
001334;CEL DAMAGE OVERDRIVE;;4;
001335;SHOX AUTOS;;4;
001336;KAAN BARBARIAN S BLADE;;6;
001337;DANCE DANCE REVOLUTION SUPERNOVA 1 VERSION JAPONES;;4;
001338;WHIPLASH;;5;
001339;DEAD EYE JIM;;6;
001340;GUERRILLA STRIKE;;4;
001341;STAR WARS JEDI STARFIGHTER;;11;
001342;GUITAR HERO ROCK 80'S ENCORE FASTER;;7;
001343;MALICE ;;6;
001344;GUITAR HERO 2 GREATEST HITS VOL. 2;;10;
001345;GUITAR HERO ENCORE ROCK 80 HITS HACKERS EDITION;;10;
001346;GRAND THEFT AUTO SPIDER CITY;;6;
001347;MX SUPERFLY;;2;
001348;ACES OF WAR;;3;
001349;BLACK Y BRUISED;;8;
001350;PRO EVOLUTION SOCCER COPA SANTANDER LIBERTADORES 2009;;7;
001351;WINNING ELEVEN 22;;0;
001352;WINNING ELEVEN 23;;1;
001353;YU GI OH! GX TAG FORCE EVOLUTION  (ESP.);;9;
001354;DRAGON BALL Z BUDOKAI;;7;
001355;DRAGON BALL Z BUDOKAI 2;;9;
001356;10, 000 BULLETS;;2;
001357;MINNIGHT CLUB 3;;12;
001358;GUITAR HERO THC;;5;
001359;BURNOUT 2 PIONT OF IMPACT (ESP.);;4;
001360;ROCK BAND TRACK PACK VOLUME 2;;6;
001361;CIVIL WAR SECRET MISSIONS;;16;
001362;PETS DOGZ 2;;6;
001363;TERMINATOR DAWN OF FATE;;9;
001364;BLEACH 2;;6;
001365;GUITAR HERO 5;;5;
001366;ULTIMATE ALLIANCE 2;;3;
001367;SUPER SHOT SOCCER RED CARD (RELATOS EN ESP.);;4;
001368;WARHAMMER 40,000 FIRE WARRIOR;;5;
001369;CDF 2009-1 LIGA CHILENA 09;;21;
001370;CABELAS OUTDOOR ADVENTURES;;9;
001371;RACING EVOLUTION ;;9;
001372;SHIFTERS COMBAT TAKES;;7;
001373;JUMANJI;;12;
001374;SECRET OF EVANGELION;;10;
001375;FIFA 2010;;4;
001376;SCOOBY DOO MISTERIO COMECA;;6;
001377;TURTLES SMACS UP;;2;
001378;PRO EVOLUTION SOCCER 2010;;6;
001379;THE 3 PLAN;;2;
001380;TENCHU LA COLERA DIVINE;;3;
001381;EDEN;;1;
001382;FOREVER KINGDOM;;7;
001383;MINNIGHT CLUB 2;;8;
001384;SPYRO A HEROS TAIL;;9;
001385;DIE HARD VENDETTA;;5;
001386;COLLEGE HOOPS 2K 6;;5;
001387;SUPERBIKES REAL ROAD RACING CHAMPIONCHI;;0;
001388;NEED FOR SPEED MOST WANTED;;3;
001389;SPACE WAR ATTACK;;4;
001390;WAY OF THE SAMURAI 2;;4;
001391;KELLY SALTER S PRO SURFER;;9;
001392;BATTLE OF SUNRISE;;5;
001393;TY 3 THE TASMANIAN TIGER NIGHT OF THE QUINKAN;;9;
001394;WINX CLUB;;5;
001395;INDY CAR SERIES 2005;;6;
001396;GUITAR FREAKS DRUM MANIA V V ;;8;
001397;PINOCCHIO PINOCHO WALDT DISNEY;;4;
001398;NHL 2K10 ;;4;
001399;FULL SOCCER COLLECION 2010;;2;
001400;ZOIDS TACTICS;;8;
001401;SHREK COLLECION;;7;
001402;TETRIS WORLDS;;6;
001403;NBA 2K10;;5;
001404;PANZER ELITE ACTION ;;15;
001405;STARSKY Y HYTCH;;5;
001406;KID MUSCULO 2;;6;
001407;STAR WARS CLONE WARS REPUBLIC;;9;
001408;SMACK DOWN VS RAW 2010;;3;
001409;WINNING ELEVEN 25 ;;7;
001410;DARK ANGEL;;15;
001411;THE ORIGINAL DIABOLIK SIN;;12;
001412;MICHAEL JACKSON´S MOONWALKER;;5;
001413;MARIO COLLECTION YHOSHI;;5;
001414;MOTOR STROM MOTOS ;;12;
001415;BAKUGAN;;5;
001416;CARS RACE OF RAMA;;12;
001417;PRO EVOLUTION SOCCER PEKEWORLD 5 + CLAUSURA 2009;;2;
001418;PRO EVOLUTION SOCCER CLAUSURA 2009;;1;
001419;PRO EOVLUTION SOCCER APERTURA 2009;;2;
001420;DRAGON BALL Z KING KING;;7;
001421;SUPER SQUAD MARVEL;;3;
001422;MIDWAY ARCADE TREASURES 2;;13;
001423;THE SECRET SATURDAYS BEATES OF THE 5 SUN;;13;
001424;MIDWAY ARCADE TREASURES 3;;5;
001425;SUPER PUZZLE BOBBLE;;13;
001426;LIVING WORLD RACING;;11;
001427;ASTRO BOY THE VIDEO GAME;;3;
001428;PRO EVOLUTION SOCCER 2010 ORIGINAL;;4;
001429;FIFA 2010 ORIGINAL;;7;
001430;BEN 10 ALIEN FORCE VILGAX ATTACKS;;4;
001431;END GAME;;15;
001432;DANCE DANCE REVOLUTION X2;;0;
001433;BLITZ THE LEAGUE;;3;
001434;PETER PAN LA LEYENDA DE NUNCA JAMAS;;6;
001435;DRAG RACER USA;;10;
001436;SIREN FORBIDDEN;;8;
001437;GUITAR HERO NONO EDITION;;5;
001438;HERDY CERDY;;9;
001439;WORLD RACING;;9;
001440;HIDEN INVASION;;4;
001441;FIREFIGHTER F D 18;;3;
001442;FERRARI F355 CHALLENGE;;15;
001443;TRAPT;;0;
001444;FUTBOL PERUANO DECENTRALIZADO 2009;;17;
001445;JAK AND DAXTER THE LOST FRONTIER;;8;
001446;X TREME QUADS;;10;
001447;MIKE TYSON;;6;
001448;SING STAR 905;;9;
001449;ROCK BAND GUITAR HERO 2;;6;
001450;NARUTO SHIPPUDEN ULTIMATE NINJA 5;;7;
001451;WINNING ELEVEN 2010;;2;
001452;GUITAR HERO THE BEATLES;;7;
001453;ROCK BAND 2;;4;
001454;GUITAR HERO 3 SLIPKNOT;;5;
001455;HOMURA;;13;
001456;IRR IRIDIUM RUNNERS;;0;
001457;STEALTH FORCE;;0;
001458;BEATS OF RAGE;;8;
001459;AIR RAID 3;;11;
001460;KUON ;;11;
001461;DORA SAVES THE CRYSTAL KINGDOM;;12;
001462;SILENT HILL SHATTERED MEMORIES;;11;
001463;BOMBERMAN KART;;7;
001464;HARD HITTER TENNIS;;4;
001465;JURASSIC THE HUNTED;;11;
001466;HUGO THE TROLL WOODS;;7;
001467;ALIENS THE ATTIC;;6;
001468;RESIDENT EVIL OUTBREAK FILE 1 (ESPAÑOL);;10;
001469;MUSTANG FORD;;9;
001470;SUPER MARION SUPER NINTEDO 5;;9;
001471;THE MARK OF CRI;;4;
001472;SLOT CAR THUNDER;;2;
001473;"GUITAR HERO CUMBIA ""THE CUMBIA HERO""";;0;
001474;PES 2010 CAMPEONES SUPREMOS;;3;
001475;GUITAR HERO GUNS N ROSES;;8;
001476;NEED FOR SPPED CARBON COLLECTION EDITION;;9;
001477;GUITAR HERO LEGEND OF ROCK RED HOT CHILI PEPPERS;;4;
001478;DRAGON BALL 10 EN 1 BUDDA WHAT COLLECTION;;3;
001479;DOOMSOAY RACERS;;5;
001480;DJ HERO;;2;
001481;RIDING SPIRITS;;8;
001482;3 EN 1 RALLY FUSION BLADE TONY HAWK S 3;;9;
001483;GUITAR  HERO SYSTEM OF A DOWN;;5;
001484;WORLD CUP VENUS EVOLUTION VOLLEYBALL;;8;
001485;FROM RUSSIA WITH LOVE 007;;6;
001486;DEVIL KINGS;;5;
001487;XENA WARRIOS PRINCESS;;3;
001488;CONTRA SHATTERED SOLDIER;;3;
001489;MUPPETS PARTY CRUISE;;5;
001490;WORLD CHAMPIONCHIP CARDS;;7;
001491;SEGA COLLECTION;;4;
001492;GARFIELD COLLECTION 4 EN 1;;6;
001493;GUITAR HERO EDICION SPÑP PARA EXPERTOS POP ROCK BALADAS;;9;
001494;SMUGGLERS RUN HOSTILE TERRITORY;;0;
001495;GRAND TURISMO 2000 ;;3;
001496;ESTRELLAS DEL FUTBOL PES 2010 MEGA PATCH;;0;
001497;CASTELVANIA COLLECTION;;6;
001498;GUITAR HERO STYLE;;3;
001499;SPLINTER CELL STEALTH ACTION REDEFINED;;4;
001500;DODONPACHI DAI OU JOU;;4;
001501;ROBIN HOOD DEFENDER OF THE CROWN;;11;
001502;WINNING ELEVENG BOMBA PACTCH 4.4;;7;
001503;F1 GRAND PRIX CHALLENGE FORMULA 1;;6;
001504;KING ROUTE 66;;3;
001505;STREEF RACING SYNDICATE SRS;;0;
001506;MAKAI KINDOM;;8;
001507;BOMBERMAN GENERATION 4;;4;
001508;LE MANS 24 HORS;;12;
001509;RUN LIKE HELL HUNT OR BE HUNTED RLH;;4;
001510;DODGEBALL;;6;
001511;RACING COLLECTION;;9;
001512;GUITAR HERO EUFORIA;;6;
001513;WINNING ELEVEN BOMBA PATCH 13 X GAMELAND 2010;;0;
001514;WINNING ELEVEN BOMBA PATCH 13;;2;
001515;BOMBERMAN PER HABALL;;0;
001516;TWISTY METAL BLACK DEAD ON;;4;
001517;DRAGON BALL Z TENKAICHI 3 VERSION LATINO;;2;
001518;WINNING ELEVEN SOUTH AFRICA 2010;;3;
001519;NAMCO FIGHT COLLECTION;;4;
001520;RETRO COLLECTION;;16;
001521;SCUMM VM;;4;
001522;OKAGE SHADOW KING;;7;
001523;FORD RACING 3;;10;
001524;HUNGRY GHOSTS;;4;
001525;AMERICA'S MOST WANTED;;3;
001526;CARTOON MANIA 8 EN 1;;5;
001527;ANIME FIGHT COLLECTION 10 EN 1;;8;
001528;PRO EVOLUTION SOCCER 2010 PBG;;5;
001529;GUITAR HERO 70'S 80'S 90'S;;9;
001530;WAY OF THE SAMURAI;;8;
001531;THE KING OF FIGHTER  2000 / 2001;;7;
001532;SYPHON FILTER LOGAN'S SHADOW;;4;
001533;DANCING STAGE MAX;;8;
001534;CRIMSON TEARS;;11;
001535;STREET FIGHTER EX 3;;7;
001536;AGE OF EMPIRES 2 THE AGE OF KINGS(CD);;0;
001537;GUITAR HERO KATRINA;;8;
001538;GUERREROS DEL FUEGO;;3;
001539;GUITAR HERO ANIME 4 HERO;;7;
001540;YAKUZA FURY;;6;
001541;CUBIX ROBOTS FOR EVERYONE;;4;
001542;ABYSS;;4;
001543;TEKKEN 5 COLLECTION MORTAL ;;7;
001544;GIGAWING GENERATIONS;;3;
001545;DEADLY  STRIKE;;0;
001546;BOMBA PACTH 18 FUTBOL;;4;
001547;PRO EVOLUTION SOCCER 2010 PBG VOL 2;;3;
001548;WINNING ELEVENG 35;;0;
001549;WINNING ELEVENG 36;;0;
001550;PUMPED Y PRIMED APE ESCAPE;;2;
001551;MULAN MIGHTY;;4;
001552;JOJO´S BIZARRE ADVENTURE;;9;
001553;DESPICABLE ME THE GAME (VOCES EN ESPAÑOL);;14;
001554;RPM TUNING AUTOS;;6;
001555;MICRO MACHINES;;10;
001556;TRIZEAL NAVES AVIONES;;7;
001557;ONE PIECE ROUND THE LAND;;7;
001558;SYLPHEED AVIONES;;5;
001559;ASTERIX Y OBELIX XXL 2 MISSION LAS VEGUM;;10;
001560;ADVENTURE ISLAND THE BEGINNING;;6;
001561;EXTREME SPRINT 3010;;4;
001562;ASSAULT COLLECTION 10 EN 1;;6;
001563;LETHAL SKIES ELITE PILOT AVIONES NAVES;;7;
001564;SOL DIVIDE Y DRAGON BLAZE;;6;
001565;PSYVARIAR 2 THE WILL TO FABRICATE;;6;
001566;007 AGENT UNDER HITMAN 2 2 EN 1;;3;
001567;GUITAR HERO 3 TERMINATOR;;9;
001568;MBL THE SHOW 10;;4;
001569;EVER GLAZE;;3;
001570;DUEL MASTERS;;4;
001571;CAPCOM SNES CLASSICS;;3;
001572;GET BACKERS DAKKANYA;;4;
001573;DONKEY KONG TRILOGY;;2;
001574;MOUSE TROPHY;;3;
001575;R Y B SING STAR;;8;
001576;GUITAR HERO PINK FLOYD;;3;
001577;GUITAR HERO AVRIL LAVINGNE;;14;
001578;MADAGASCAR COLECCIÓN;;5;
001579;ICA SHADOW OF THE COLOSSUS 2 EN 1;;14;
001580;GRAND TURISMO 4 PROLOGUE;;17;
001581;COPA SANTANDER LIBERTADORES WINNING ELEVEN 2010;;4;
001582;THE POWERPUFF GIRL RELISH RAMPAGE;;6;
001583;GUITAR HERO VAN HALEN;;8;
001584;TOY STORY 3 RACER;;11;
001585;EL SEÑOR DE LOS ANILLOS AVENTURAS DE ARAGORN;;6;
001586;OTLAW TENNIS ;;0;
001587;EL LIBRO DE LA SELVA MUEVETE CON RITMO;;0;
001588;DRAGON RAGE;;0;
001589;DRAGON BALL Z;;0;
001590;PRO EVOLUTION SOCCER 2011  SOLO STAR 2.0;;0;
001591;FIFA 2011  FIFA 11;;1;
001592;PES 2010 LFP LIGA BOLIVIANA AFA ARGENTINA CNS AMERICA;;0;
001593;BATTLE GEAR 3;;0;
001594;RS3 RACING SIMULATOR THREE;;3;
001595;BUSOU RENKIN;;6;
001596;MOTOR SIEGE WARRIORS OF PRIMETIME;;6;
001597;EXTREME ACTION 3 EN 1 (RAIDEN 3, THE SECRET SATURDAYS BEASTS OF THE 5TO SUN, ORPHEN SCION OF SORCERY);;8;
001598;ALARM FOR COBRA 11 HOT PERSUIT;;2;
001599;SECOND SIGHT DEADLY STRIKE;;6;
001600;BEN HUR BLOOD OF BRAVES;;0;
001601;SPHINX AND THE CURSED MUMMY;;9;
001602;BATTLE ENGINE AOUILA;;4;
001603;THE X FILES RESIST OF SERVE;;6;
001604;PITFALL THE LOST EXPEDITION;;0;
001605;PRO EVOLUTION SOCCER 2010 VS FIFA 10 ;;0;
001606;NCAA FOOTBALL 11;;5;
001607;MADDEN NFL 11;;2;
001608;GRAND THEFT AUTO IV EDIT SAN ANDREAS;;0;
001609;SMACK DOWN VS RAW 2011;;10;
001610;PRO EVOLUTION SOCCER 2011  PES 11;;0;
001611;BEN 10 ULTIMATE ALIEN COSMIC DESTRUCTION;;0;
001612;NBA 2K11;;7;
001613;DISNEY SING IT PARTY HITS;;8;
001614;TOY STORY 3 AVENTURA;;9;
001615;PRO EVOLUTION SOCCER 2011 PES 11 LATINO + OF (1CD);;0;
001616;DUNE FRANK HERBERT`S;;5;
001617;WALLACE & GROMIT IN PROYEC ZOO;;2;
001618;GUITAR HERO II UP;;5;
001619;LETHAL SKIES II;;0;
001620;CAPTAIN SCARLET;;0;
001621;HUGO AGENT HULA HOLIDAY;;7;
001622;DIE HARD WITH VENGEANCE;;0;
001623;PRO EVOLUTION SOCCER 2011 COPA AMERICA 2011 BRASIL 2014;;0;
001624;EYE TOY GROOVE;;1;
001625;FORD RACING 2;;3;
001626;WRC WORLD RALLY CHAMPIONSHIP 2001;;2;
001627;WWE ALL STARS ;;1;
001628;PES 2011 CAMPEONES LEGENDARIOS;;0;
001629;DIGIMON RUMBLE ARENA 2;;2;
001630;COOL BOARDERS ALIEN;;2;
001631;KAENA THE PROPHECY;;3;
001632;THE DUKES OF HAZZARD RETURN OF THE GENERAL LEE;;5;
001633;PIRATES THE LEGEND OF BLACK KAT;;4;
001634;WINNING ELEVEN BRASIL 2014;;0;
001635;INDYCAR SERIES;;7;
001636;DISNEY PIGLET'S BIG GAME;;7;
001637;SECRET WEAPONS OVER NORMANDI;;7;
001638;AGASSI TENNIS GENERATION;;8;
001639;CORVETTE 50;;2;
001640;WINTER X GAMES SNOWBOARDING;;3;
001641;BEVERLY HILLS COP;;3;
001642;6 EN 1 ACCION LETAL (THE THING- TEKKEN TAG- VIRTUA TENNIS 2- GOD HAND- MARVE VS CAPCOM 2- BLOWOUT);;11;
001643;CRISIS EVIL 2;;7;
001644;3 EN 1 (BLACK - LEGO BATMAN - MARVEL VS CAPCOM 2);;3;
001645;DISNEY 101 DALMATAS 3;;2;
001646;GOLDEN AGE OF RACING;;5;
001647;CODE MASTER RACING;;5;
001648;OBSCURE;;4;
001649;SPAW ARMAGEDOM;;14;
001650;GUITAR HERO ROCK NACIONAL ARG.;;6;
001651;PREDATOR CONCRETE JUNGLE;;7;
001652;COLD WINTER;;5;
001653;FATAL FRAME COLECCIÓN;;4;
001654;VAMPIRE DARKSTALKERS COLLECTION;;3;
001655;ROLLING;;5;
001656;VIRTUAL RACING;;2;
001657;MOTORBIKE KING;;8;
001658;GUNSTAR HEROES;;2;
001659;BOMBERBAN BATTLES;;1;
001660;GOL DE PLACA 2011;;0;
001661;KIDS PLAYGROUND ALPHABET CIRCUS;;3;
001662;MEDAL OF HONOR AIRBORNE TROOPS;;7;
001663;MONSTER TRUX EXTREME OFF ROAD EDITION;;5;
001664;HOME ALONE (MI POBRE ANGELITO);;6;
001665;RALLY COLLECTION;;8;
001666;2 EN 1 (SILENT HILL ORIGINS - SILLENT HILL SHATTERED MEMORIES);;7;
001667;MONOPOLY PARTY;;7;
001668;RAHXEPHON;;5;
001669;5 EN 1 SUPER RACING COLLECTION ;;8;
001670;PRO EVOLUTION SOCCER 2011 GOD OF PES ARGENTINA 2011;;0;
001671;PRO EVOLUTION SOCCER 2012 PES 2012 SOLOSTARS TEAM 3.0;;0;
001672;2 EN 1 (GOD OF WAR 2 - KNIGHTS OF THE TEMPLE 2);;6;
001673;SUPER MARIO HACHS 2;;3;
001674;2 EN 1 (THE PUNISHER - BLOOD RAYNE 2);;10;
001675;GUITAR HERO PANDA;;13;
001676;GT-R TOURING;;3;
001677;PRO RACE DRIVER;;3;
001678;3 EN 1 (CASPER - REZ - MICRO MACHINES V4);;7;
001679;SUPER NINTENDO 3 EMULATOR GOLD;;2;
001680;GRAN TURISMO CONCEPT;;2;
001681;FIFA 20112 FIFA 12;;4;
001682;PRO EVOLUTION SOCCER 2012 PES 12;;2;
001683;SMACK DOWN 2012 WWE 12 PS2;;4;
001684;PES 2013 SOLO STARS TEAM;;0;
001685;GOD OF PES SOLO STARS TEAM 2012 LIGA ARGENTINA;;0;
001686;WORMS FORTS UNDERSIEGE;;1;
001687;FIFA 2013;;0;
001688;PRO EVOLUTION SOCCER 2013 PES 13 (ESP.);;7;
001689;MTV CELEBRITY DEATHMATCH;;4;
001690;FORBIDDEN SIREN VIVIENDA LA PESADILLA (ESP.);;3;
001691;FORBIDDEN SIREN 2 (ESP.);;0;
001692;THE SUFFERING TIES THAT BIND(LOS LAZOS QUE NOS UNEN) (ESP.);;15;
001693;ATV 2 QUAD POWER RACING;;2;
001694;RAINBOW SIX 3 (VOCES EN ESP.);;3;
001695;GLADIATOR SWORD OF VENGEANCE (VOCES EN ESP.);;3;
001696;SEGA SOCCER SLAM;;4;
001697;EVERYBODY'S GOLF (ESP.);;4;
001698;SPONGEBOB SQUAREPANTS THE MOVIE (VOCES EN ESP.);;12;
001699;BRATZ ROCK ANGELZ (VOCES EN ESP.);;3;
001700;MAME;;4;
001701;DANCING STAGE SUPERNOVA 2 (ESP.);;5;
001702;KINGDOM HEARTS 1 (ESP.);;8;
001703;KINGDOM HEARTS 2 (ESP.);;1;
001704;ACE COMBAT JEFE DE ESCUADRON;;12;
001705;EVIL TWIN CYPRIEN'S CHRONICLES ESP.;;10;
001706;TY THE TASMANIAN TIGER (VOCES EN ESP.);;9;
001707;PLAY IT CHESS CHALLENGER (ESP.);;6;
001708;DONALD DUCK PK (ESP.);;2;
001709;LOONEY TUNES SPACE RACE, CHICKEN LITTLE Y WORMS 3D;;3;
001710;SOLDIER OF FORTUNE EDICION GOLD  (ESP.);;5;
001711;THE SUM OF ALL FEARS ELITE TACTICAL COMBAT (VOCES EN ESP.);;4;
001712;DARK ALLIANCE (ESP.);;5;
001713;GHOST HUNTER (ESP.);;4;
001714;PROJECT ZERO (ESP.);;4;
001715;PROJECT ZERO 2 (ESP.);;7;
001716;PROJECT ZERO 3 (ESP.);;4;
001717;DANCING STAGE FUSION (ESP.);;5;
001718;APE SCAPE (VOCES EN ESP.);;10;
001719;NIHAO KAI-LAN SUPER GAME DAY;;7;
001720;KNIGHTS OF THE TEMPLE INFERNAL CRUSADE (VOCES EN ESP.);;4;
001721;LASSIE;;5;
001722;RESIDENT EVIL SURVIVOR 2 CODE: VERONICA;;6;
001723;CUE ACADEMY SNOOKER POOL BILLIARDS;;3;
001724;ALIEN HOMINID;;10;
001725;SUPER MONKEY BALL;;7;
001726;NFL STREET 2;;8;
001727;SEVEN SAMURAI;;9;
001728;PRO EVOLUTION SOCCER 2013 RELATOS FOX SPORTS;;0;
001729;PRO EVOLUTION SOCCER 2014 3,0 PES 14;;8;
001730;WORMS BLAST ESP;;8;
001731;VAMPIRE NIGHT (VOCES EN ESP.);;5;
001732;JAK 2 RENEGADE (VOCES EN ESP.);;2;
001733;ODIN SPHERE (ESP.);;7;
001734;BARBIE EN LA PRINCESADE LOS ANIMALES (VOCES EN ESP.);;2;
001735;GUITAR HERO ANIME 2;;2;
001736;TALES OF THE ABYSS (ESP.);;5;
001737;DANCING STAGE SUPERNOVA (ESP.);;6;
001738;NATIONAL GEOGRAPHIC SAFARI ADVENTURES AFRICA (VOCES EN ESPAÑOL);;3;
001739;APE SCAPE 3 (VOCES EN ESP.);;12;
001740;TENCHU WRATH OF HEAVEN (LA COLERA DEL CIELO ESP.);;7;
001741;BUBBLE BOBBLE;;3;
001742;DESTROY ALL HUMANS! ONE GIANT STEP PN MANKIND (ESP.);;6;
001743;SECRET AGENT CLANK (VOCES EN ESP.);;6;
001744;SOCOM 2 U.S. NAVY SEALS (VOCES EN ESP.);;3;
001745;DOGS ¡DIVIERTETE CON MAS PERROS! (ESP.);;5;
001746;NBA 2K12;;6;
001747;FIFA 2014;;1;
001748;WIPEOUT PULSE;;2;
001749;MOBILE SUIT GUNDAM JOURNEY TO JABURO;;8;
001750;MOBILE SUIT GUNDAM DELUXE EDITION (ESPAÑOL);;2;
001751;WORLD WAR ZERO (ESPAÑOL);;4;
001752;CHAMPIONS RETURN TO ARMS (ESPAÑOL);;6;
001753;ANIME HERO 5;;5;
001754;PRO EVOLUTION SOCCER 2014 (PES 14);;10;
001755;DRAGON BALL Z BUDOKAI TENKAICHI 3 VERSION LATINO FINAL;;8;
001756;SERIOUS SAM NEXT ENCOUNTER;;11;
001757;SEEK AND DESTROY;;10;
001758;THE KING OF FIGHTERS MILLENNIUM BATTLE;;7;
001759;SINGS STAR LATINO;;0;